指标名称,英文名称,参考值1,参考值2,单位
锌,Zn,5.0,15.0,ug/mL
铁,Fe,150.0,400.0,ug/mL
钙,Ca,44,84,mg/mL
镁,Mg,16,50,ug/mL
铜,Cu,0.5,3.5,ug/mL
铅,Pb,0.0,100,ug/L
总胆红素,TBIL,7,23,umol/L
直接胆红素,DBIL,0,10.3,umol/L
间接胆红素,IBIL,0,15.2,umol/L
直接胆红素/总胆红素,D/T,,,
总蛋白,TP,60,85,g/L
白蛋白,ALB,60,85,g/L
球蛋白,GLOB,20,35,g/L
白蛋白/球蛋白比值,A/G,1.5,2.5,
白球比,A/G,1.2,2.3,
谷丙转氨酶,ALT,0,46,IU/L
丙氨酸氨基转移酶,ALT,0,40,IU/L
谷草转氨酶,AST,0,50,IU/L
谷草/谷丙,AST/ALT,,,
肌酸激酶,CK,39,308,U/L
肌酸激酶同工酶,CKMB,7,25,U/L
乳酸脱氢酶,LDH,240,480,IU/L
羟丁酸脱氢酶,HBDH,72,182,IU/L
胆固醇,CHOL,0,5.2,mmol/l
甘油三脂,TG,0.34,1.92,mmol/L
高密度脂蛋白胆固醇,HDL,0.9,2,mmol/L
低密度脂蛋白胆固醇,LDL,2.07,3.34,mmol/L
尿素,Bu,1.7,8.3,mmol/L
肌酐,Cr,44,106,umol/L
"1,25-二羟维生素D3,vitamin D(vit D)",,,,
133Xe脑血流测定及显像,,,,
1分钟胆红素,,,,
25-羟维生素D3,vit D,,,
3-甲氧基肾上腺素,,,,
3.8sα2-糖蛋白,,,,
4-羟基-3-甲氧基扁桃酸,,,,
41549.0,,,,
41551.0,,,,
4字试验,,,,
5-羟吲哚乙酸,,,,
5-羟色胺,,,,
50克葡萄糖耐量检查,,,,
5＇-核苷酸磷酸二酯酶同工酶,,,,
5＇-核苷酸酶,,,,
6-酮前列腺素F1α,,,,
64排螺旋CT检查,,,,
75克葡萄糖耐量检查,,,,
99Tcm-DTPA肺上皮细胞通透性测定,,,,
99Tmc-MIBI甲状腺显像,,,,
ABO血型,,,,
APC基因,,,,
ASO试验,,,,
Alder试验,,,,
Alph横纹肌肌动蛋白,,,,
A型超声检查,,,,
BRCA1,,,,
Bax,,,,
Bcl-10,,,,
Bcl-2,,,,
Bcl-6,,,,
Bob.1,,,,
Bryan试验,,,,
B因子,,,,
B因子溶血活性,,,,
B淋巴细胞表面标志,,,,
C-肽,,,,
C1q补体,,,,
C3c补体,,,,
C3肾炎因子,,,,
C4c补体,,,,
C4d,,,,
CA125,,,,
CA15-3,,,,
CA153,,,,
CA19-9,,,,
CA199,,,,
CA242,,,,
CA50,,,,
CA72-4,,,,
CA72.4,,,,
CD10,,,,
CD105,,,,
CD123,,,,
CD13,,,,
CD133,,,,
CD138,,,,
CD14,,,,
CD146,,,,
CD147,,,,
CD15,,,,
CD163,,,,
CD19,,,,
CD1a,,,,
CD2,,,,
CD20,,,,
CD21,,,,
CD23,,,,
CD24,,,,
CD25,,,,
CD3,,,,
CD30,,,,
CD31,,,,
CD33,,,,
CD34,,,,
CD35,,,,
CD38,,,,
CD4,,,,
CD43,,,,
CD44 HCAM,,,,
CD44 V3,,,,
CD44 V6,,,,
CD45RA,,,,
CD45RB,,,,
CD45RO,,,,
CD4和CD8计数,,,,
CD5,,,,
CD54,,,,
CD56,,,,
CD57,,,,
CD61,,,,
CD62E,,,,
CD63,,,,
CD68,,,,
CD7,,,,
CD74,,,,
CD79a,,,,
CD8,,,,
CD9,,,,
CD99,,,,
CDX2,,,,
CK(34bE12),,,,
CK(35bH11),,,,
CT平扫,,,,
CT检查,,,,
CT血管成像,,,,
CT造影增强扫描,,,,
CT造影扫描,,,,
CXCL13,,,,
Chvostek征,,,,
Cochet和Bonnet氏角膜知觉测量计,,,,
C反应蛋白,CRP,,,
D2-40,,,,
D860激发试验,,,,
DMD和BMD产前基因检测,,,,
DNA多聚酶,,,,
Dog1,,,,
D二聚体,D-D,,,
E-玫瑰花环形成试验,,,,
EAC玫瑰花结形成试验,,,,
EA花环激活试验,,,,
EB病毒,,,,
EB病毒壳抗原IgA抗体,,,,
EB病毒抗体,EBVA,,,
ECT检查,,,,
ERCC1,,,,
ERG,,,,
EZH2,,,,
F-波,,,,
FBC玫瑰花试验,,,,
FM-100色彩试验,,,,
FOXP1,,,,
Farnsworth15色标试验,,,,
Fisher手指试验,,,,
Fli-1,,,,
Frenzel氏眼镜检查法,,,,
GATA3,,,,
GCET1,,,,
GC球蛋白,,,,
GM试验,,,,
Goldmann压平眼压计测量法,,,,
G试验,,,,
HBsAg免疫复合物,,,,
HCG半定量,,,,
HCO3-重吸收试验,,,,
HE4,,,,
HIF-1 alpha,,,,
HIV 抗体检测,HIV Ab,,,
HIV 病毒载量,,,,
HIV耐药性基因型检测,HIV genotypic,,,
HLA-B27,HLA-B27,,,
HLA-DR,,,,
HLA定型,,,,
HPV,HPV,,,
Hb-F碱变性试验,,,,
Hertel氏眼球突出计,,,,
IDH突变（R132H）,,,,
III型胶原,,,,
II型胶原,,,,
IV型胶原,,,,
IgA,,,,
IgG,,,,
IgG1,,,,
IgG2,,,,
IgG3,,,,
IgG4,,,,
IgG抗A-效价测定,,,,
IgG抗B-效价测定,,,,
IgM,,,,
I型前胶原氨基端前肽,P1NP,,,
JAK2,JAK2,,,
K-ras,,,,
Kappa轻链,,,,
Ki-67核抗原,,,,
LMO2,,,,
Lambda轻链,,,,
Lhermitte征,,,,
MLH1,,,,
MOC-31,,,,
MRSA筛查试验,,,,
MUM1,,,,
McNealy-McCallister试验,,,,
MyoD1,,,,
M型超声心动图(ME),,,,
NST试验,,,,
Nagel色觉镜检查法,,,,
Napsin A,,,,
NeuN,,,,
N端脑钠肽前体,NT-proBNP,,,
OPN,,,,
P120,,,,
P63,,,,
PD-1,,,,
PEG10,,,,
PHA淋巴细胞转化试验,,,,
PI3K,,,,
PMS-2,,,,
PTEN基因,,,,
Pax-2,,,,
Pax-5,,,,
Pax-8,,,,
Prostein,,,,
P物质,,,,
Rerth试验,,,,
Rh血型,,,,
S100 A4蛋白,,,,
S100P,,,,
S100蛋白,,,,
SOX-2,,,,
SOX11,,,,
SPECT显像,,,,
SST受体显像,,,,
SW阴茎超声血流检测,,,,
Schfrmer氏试验,,,,
Schiφtz氏压陷眼压计测量法,,,,
S期激酶相关蛋白2,,,,
T3T4抗体,,,,
T4/T8比值,,,,
T4淋巴细胞亚群,,,,
T8淋巴细胞亚群,,,,
TCT检查,,,,
TORCH检查,,,,
"TORCH系列,toxoplasma, rubella virus, human cytomegalovirus, herpes simplex virus, other(TORCH)",,,,
Tau/Aβ42,,,,
Tau蛋白,,,,
Tinel征,,,,
Trousseau征,,,,
T淋巴细胞亚群,,,,
T管造影,,,,
T细胞胞浆内抗原,,,,
T细胞花环形成试验,,,,
T细胞转化试验,,,,
VIII因子相关抗原,,,,
WT1,,,,
XIII因子A,,,,
X线头影测量,,,,
X线碘油造影,,,,
X线钡影跳跃征,,,,
ZAP70,,,,
alpha连接素,,,,
beta连接素,,,,
c-Kit,,,,
c-Met,,,,
c-Myc,,,,
c-erbB-2,,,,
c-erbB-4,,,,
cd55,,,,
c肽释放试验,,,,
nm23,,,,
p15蛋白,,,,
p16蛋白,,,,
p21蛋白,,,,
p24抗原,,,,
p27蛋白,,,,
p40,,,,
p53蛋白,,,,
p57 Kip2,,,,
p73蛋白,,,,
pHH3,,,,
pH（血气分析）,,,,
pS2蛋白,,,,
phi(φ)小体染色,,,,
r-精浆蛋白,,,,
ret原癌基因,,,,
α-1抗胰蛋白酶,α1AT或AAT,,,
α-D-半乳糖-1-磷酸转尿苷酰酶,,,,
α-巯基乙醇试验,,,,
α-羟丁酸脱氢酶,,,,
α-茶酚醋酸酯酶染色,,,,
α-葡萄糖苷酶,,,,
α2-HS-糖蛋白,,,,
α2-妊娠相关蛋白,,,,
α2-热稳定性糖蛋白,,,,
α2-纤溶酶抑制抗原,,,,
α2-纤溶酶抑制物活性,,,,
α甲酰基辅酶A消旋酶,,,,
β-N-乙酰氨基葡萄糖苷酶,,,,
β-促黑素细胞激素,,,,
β-半乳糖苷酶,,,,
β-羟丁酸,,,,
β-胡萝卜素,,,,
β-脂蛋白定量,,,,
β-血小板球蛋白,,,,
β1-妊娠特异蛋白,,,,
β2-微球蛋白清除试验,,,,
β葡萄糖醛酸苷酶,,,,
β血小板球蛋白和血小板第4因子,,,,
γ-干扰素,,,,
γ谷氨酰基转移酶,GGT,,,
δ-胆红素,,,,
“胎儿颈部透明带”的筛检,,,,
Ⅰ级产前超声检查,,,,
Ⅱ级产前超声检查,,,,
一氧化碳,,,,
一秒用力呼出量／用力肺活量比值,,,,
一秒用力呼气量,,,,
一般摄片检查,,,,
丁型肝炎抗体,,,,
丁型肝炎抗原,,,,
丁型肝炎病毒(HDV),,,,
万古霉素监测,,,,
三叉神经检查,,,,
三叉神经的运动功能检查,,,,
三叉神经的面部感觉检查,,,,
三合诊,,,,
三碘甲状腺原氨酸摄取率,,,,
三联或四联筛查,,,,
三角试验,,,,
三面镜,,,,
上消化道X线钡餐,,,,
上消化道内窥镜检查,,,,
上消化道功能测定和显像,,,,
上消化道摄影检查,,,,
上消化道造影,,,,
上皮性钙粘附蛋白,,,,
上皮抗原,,,,
上皮膜抗原,,,,
上肢动脉功能试验,,,,
下消化道内镜检查,,,,
下消化道摄影检查,,,,
下颌反射检查,,,,
下颌运动检查,,,,
不加热血清反应素实验,,,,
不孕不育的免疫学检查,,,,
不孕的基础体温测定,,,,
不孕的血型检查,,,,
不稳定血红蛋白,,,,
不规则抗体筛选,,,,
不随意运动检查,,,,
丙型肝炎RNA,,,,
丙型肝炎抗体,HCV;HCV Ab,,,
丙型肝炎病毒抗体免疫球蛋白G,,,,
丙型肝炎病毒抗体免疫球蛋白M,,,,
丙戊酸监测,,,,
丙氨酸(Ala),,,,
丙氨酸氨基肽酶,,,,
丙氨酸氨基转移酶(ALT）,,,,
丙肝病毒,,,,
丝氨酸,,,,
两下肢长度,,,,
两手互握试验,,,,
两点辨别感觉,,,,
中心静脉压测定(CVP),,,,
中性炎症细胞吞噬试验,,,,
中性粒细胞杀菌试验,,,,
中性粒细胞比例(NEUT%),,,,
中性粒细胞百分比,,,,
中性粒细胞趋化试验,,,,
中性粒细胞绝对值,Nuet#,,,
中指试验,,,,
中枢神经递质和受体显像,,,,
中耳,,,,
中间细胞群百分比,,,,
中间细胞百分比,MXD%,,,
中间细胞绝对值,MXD#,,,
主觉检查,,,,
举一手试验,,,,
乙型肝炎,,,,
乙型肝炎e抗体,,,,
乙型肝炎e抗原,,,,
乙型肝炎抗原抗体检测,,,,
乙型肝炎抗原抗体检测（HBcAb）,,,,
乙型肝炎核心抗体,,,,
乙型肝炎核心抗体免疫球蛋白G,,,,
乙型肝炎核心抗体免疫球蛋白M,,,,
乙型肝炎核心抗原,,,,
乙型肝炎病毒前S2抗原,,,,
乙型肝炎病毒抗-前S2抗体,,,,
乙型肝炎表面抗体,,,,
乙型肝炎表面抗原,,,,
乙型脑炎病毒抗体,,,,
乙状结肠镜检查,,,,
乙肝病毒核心抗原,,,,
乙肝病毒表面抗原,,,,
乙醇凝胶试验,,,,
乙醇监测,EtOH,,,
乙醇胶试验,,,,
乳头刺激试验,,,,
乳房摄片,,,,
乳房检查,,,,
乳房自检,,,,
乳房视诊,,,,
乳房触诊,,,,
乳房超声检查,,,,
乳突CT检查,,,,
乳管镜检查,,,,
乳糜尿定性试验,,,,
乳糜微粒,,,,
乳糜泻试验,,,,
乳腺导管内窥镜,,,,
乳腺导管造影,,,,
乳腺检查,,,,
乳腺球蛋白,,,,
乳腺癌易感基因,BRCA,,,
乳腺超声检查,,,,
乳腺远红外检查,,,,
乳酸与丙酮酸比值,,,,
乳酸盐,LA,,,
"乳酸脱氢酶,lactate dehydrogenase(LD,LDH)",,,,
乳酸脱氢酶同工酶,,,,
二氧化碳分压（血气分析）,PCO2,,,
二氧化碳总量,,,,
二氧化碳结合力,,,,
二硝基氟苯皮肤试验,,,,
二硝基氯苯斑贴试验,,,,
二维超声心动图,,,,
于夏征,,,,
五官MRI检查,,,,
五肽胃泌素胃液分析,,,,
交叉步行试验,,,,
交叉配血试验,,,,
交通静脉瓣膜功能试验,,,,
交锁征,,,,
产前的口腔检查,,,,
产后检查,,,,
产后盆底肌肉检查及评估,,,,
产科B超,,,,
亮氨酸氨基肽酶,,,,
人乳脂肪球1,,,,
人体各关节功能活动范围,,,,
人体重心平衡仪,,,,
人类免疫缺陷病毒抗体,,,,
人类轮状病毒抗体,,,,
人绒毛膜促性腺激素,hCG,,,
人酸性铁蛋白,,,,
他克莫司监测,Tac,,,
仰卧挺腹试验,,,,
优球蛋白的溶解时间,,,,
伤口分泌物培养,,,,
"伤寒、副伤寒血清凝集试验（肥达氏试验,肥达反应,Widal）",,,,
伤寒胶乳凝集试验,,,,
伦德试验,,,,
伯尔格试验,,,,
估算的肾小球滤过率,eGFR,,,
伸肌紧张试验,,,,
伸肘试验,,,,
伸腕试验,,,,
伸踝试验,,,,
位听神经检查,,,,
位置觉,,,,
低密度脂蛋白胆固醇测定,LDL-C,,,
低钠试验,,,,
体位,,,,
体位变换试验,,,,
体内血小板活化标志物,,,,
体外血栓形成试验,,,,
体层摄影,,,,
体温测量,,,,
体重,,,,
体重指数,,,,
侧卧位肺灌注显像,,,,
侧方应力试验,,,,
促卵泡成熟激素,,,,
促卵泡激素（FSH）,,,,
促甲状腺激素,TSH,,,
促甲状腺激素兴奋显像,,,,
促甲状腺激素受体抗体(TRAb),,,,
促甲状腺激素释放激素,,,,
促甲状腺激素释放激素兴奋试验,,,,
促甲状腺素,,,,
促红细胞生成素,EPO,,,
促肾上腺皮质激素,ACTH,,,
促黄体生成素,,,,
俯卧伸腰试验,,,,
俯卧伸髋试验,,,,
健肢抬高试验,,,,
催乳素,,,,
催产素,,,,
催产素激惹试验,,,,
儿童五官科检查,,,,
儿童支气管镜检查,,,,
儿童生长发育检测,,,,
儿童肺功能检查,,,,
儿童骨科检查,,,,
儿童龋齿预防保健,,,,
儿茶酚胺,,,,
先令氏指数,,,,
光学相干断层扫描（OCT）,,,,
光敏感试验,,,,
光觉检查,,,,
克利曼征,,,,
克托莱指数,,,,
免疫固定电泳,IFE,,,
免疫抑制酸性蛋白,,,,
免疫球蛋白轻链,,,,
全血乳酸测定,,,,
全血容量,,,,
全血比黏度,,,,
全血汞,,,,
全血砷,,,,
全血硒,,,,
全血糖化Hb,,,,
全血细胞计数,CBC,,,
全血还原黏度,,,,
全血铁,,,,
全血铅,,,,
全血铬,,,,
全血锰,,,,
全血镉,,,,
全血镍,,,,
全血黏度,,,,
全身显像,,,,
全身状态检查,,,,
全身软组织MRI检查,,,,
全身骨骼疾病排查,,,,
共济失调的检查,,,,
关节检查,,,,
关节腔液检查,,,,
关节镜检查,,,,
内听道-汤氏位,,,,
内听道片,,,,
内拉通线检查,,,,
内生殖器检查,,,,
内皮素,,,,
内皮素1,,,,
内窥镜逆行胰胆管造影(ERCP),,,,
内视镜超音波术,,,,
内镜下乳头括约肌切开术(EST),,,,
内镜下胆道减压,,,,
内镜检查,,,,
内镜逆行胆胰管造影术,,,,
冈上肌肌腱断裂试验,,,,
冈达征,,,,
军团菌血清学试验,,,,
冠状动脉CT检查,,,,
冠状动脉造影,,,,
冷凝集试验,,,,
冷溶血试验,,,,
冷热溶血试验,,,,
冷热试验,,,,
凝固酶试验,,,,
凝血因子,,,,
凝血因子V Leiden基因突变和凝血酶原基因20210突变,,,,
凝血因子ⅩⅢ定性测定,,,,
凝血因子活性测定(因子Ⅷ∶C、Ⅸ∶C),,,,
凝血时间,,,,
凝血酶原时间,PT,,,
凝血酶原活动度,PTA,,,
凝血酶原消耗纠正试验,,,,
凝血酶时间,,,,
凝血酶消耗试验,,,,
凝集实验,,,,
凯洛格-斯皮德试验,,,,
出血时间,,,,
分侧肾静脉肾素活性测定,,,,
刚果红试验,,,,
刮髌试验,,,,
前S抗体,,,,
前列腺B超检查,,,,
前列腺、精囊腺的超声检查,,,,
前列腺干细胞抗原,,,,
前列腺指检,,,,
前列腺检查,,,,
前列腺液中淀粉样体,,,,
前列腺液中细菌和原虫,,,,
前列腺液卵磷脂小体,,,,
前列腺液显微镜检查,,,,
前列腺液细胞,,,,
前列腺液颜色,,,,
前列腺特异性抗原,PSA,,,
前列腺特异性膜抗原,,,,
前列腺特异性酸性磷酸酶,,,,
前列腺酸性磷酸酶,,,,
前庭功能检查,,,,
前房深度测量,,,,
前房的一般检查,,,,
前房角镜检查法,,,,
前房轴深检查法,,,,
前白蛋白,PAB,,,
前置镜,,,,
前臂伸肌紧张试验,,,,
前臂屈肌紧张试验,,,,
前臂直尺试验,,,,
前足挤压试验,,,,
前锯肌肌力试验,,,,
前鼻镜检查,,,,
剩余碱,,,,
副流感病毒抗体,,,,
副神经检查,,,,
副鼻窦造影,,,,
功能性肝脏体积测定,,,,
功能残气量(FRC),,,,
动态心电图(Holter监测),,,,
动态显像,,,,
动态血压监测(ABPM),,,,
动态视野检查,,,,
动眼神经检查,,,,
动脉听诊,,,,
动脉血氧分压(PaO2),,,,
动脉血酮体比测定,,,,
动脉通畅性试验,,,,
动静脉瘘定位试验,,,,
包皮包茎检查,,,,
包虫病补体结合试验,,,,
匿血试验,,,,
十二指肠引流一般性状检查,,,,
十二指肠引流显微镜检查,,,,
十二指肠引流胰蛋白酶,,,,
十二指肠液和胆汁寄生虫检查,,,,
十二指肠胃反流测定和显像,,,,
十二指肠钡餐造影,,,,
十二烷基硫酸钠Hb测定法,,,,
半乳凝素3,,,,
半乳糖耐量试验,,,,
半月板损伤的体征,,,,
半胱氨酸蛋白酶3,,,,
半胱胺酸试验,,,,
半蹲试验,,,,
半饱和氧分压,,,,
华(Wassermann)氏补体结合试验,,,,
单克隆丙种球蛋白,,,,
单核细胞数,,,,
单核细胞比例(MONO%),,,,
单核细胞试验,,,,
单相琼脂扩散试验,,,,
单纯疱疹病毒抗体,HSV;HSV Ab,,,
单胺氧化酶,,,,
单腿站立试验,,,,
单视标检查法,,,,
卡普兰交点检查,,,,
卧立试验,,,,
卵巢功能检查,,,,
卵泡刺激素,FSH,,,
卵泡检测,,,,
压平眼压计测量法,,,,
压痛及反跳痛,,,,
压胸试验,,,,
压顶试验,,,,
压颈试验,,,,
原地踏步试验,,,,
去甲-3-甲氧肾上腺素,,,,
双合诊,,,,
双气囊小肠镜,,,,
双氢睾酮,,,,
双眼平衡检查,,,,
双色法试验,,,,
双视标检查法,,,,
双链酶皮内试验,,,,
反三碘甲状腺原氨酸,,,,
反击征,,,,
反应时,,,,
反弓抗阻试验,,,,
反映肝细胞损伤的试验,,,,
反映肝脏排泄功能的试验,,,,
反映肝脏贮备功能的试验,,,,
反跳试验,,,,
发育与体型,,,,
变性球蛋白(Heinz)小体染色试验,,,,
变性球蛋白(Heinz)小体生成试验,,,,
叠氮高铁血红蛋白,,,,
口形红细胞,,,,
口服法小肠造影,,,,
口服法胆道造影,,,,
口服胆囊造影,,,,
口腔内窥镜,,,,
可提取性核抗原（ENA）,,,,
可提取核抗原（ENA）自身抗体谱带分析,,,,
可溶性白细胞介素-2受体,,,,
可溶性转铁蛋白受体测定,,,,
可溶性间皮素相关肽,SMRP,,,
台阶试验,,,,
叶酸,FA,,,
叶酸受体α,,,,
合掌分掌试验,,,,
同型半胱氨酸,HCY,,,
同色表检查法,,,,
后仰位椎间孔挤压试验,,,,
吞咽试验,,,,
吞咽试验法,,,,
吞噬白色念珠菌功能试验,,,,
吞噬鸡红细胞功能试验,,,,
吞线试验,,,,
吡啶斯的明兴奋GH试验,,,,
含甲状腺球蛋白免疫复合物（TG-IC）,,,,
听力图,,,,
听力检查,,,,
听力检查法,,,,
听力测试法,,,,
听力计,,,,
吲哚氰绿试验,,,,
周围血中异型细胞检验,,,,
周围血白细胞计数及分类检验,,,,
周围血管征,,,,
周期素B1,,,,
周期素D1,,,,
周期素E,,,,
呼出气一氧化氮,FENO,,,
呼吸动度,,,,
呼吸肌功能测定,,,,
呼吸肌张力的测定,,,,
呼吸运动检查,,,,
呼吸道合胞病毒,,,,
呼吸道合胞病毒抗体,,,,
呼吸道粘液-纤毛清除功能测定,,,,
呼气流速,,,,
呼气试验,,,,
呼气高峰流量(PEFR),,,,
咬合关系检查,,,,
咽鼓管检查法,,,,
咽鼓管荧光素试验,,,,
唾液pH值,,,,
唾液中的细胞,,,,
唾液分泌型免疫球蛋白,,,,
唾液富组蛋白,,,,
唾液富酪蛋白,,,,
唾液尿素氮,,,,
唾液氯化物,,,,
唾液淀粉酶,,,,
唾液溶菌酶,,,,
唾液白蛋白,,,,
唾液皮质醇,,,,
唾液睾酮,,,,
唾液碳酸氢盐,,,,
唾液肌酐,,,,
唾液醛固酮,,,,
唾液钠,,,,
唾液钠/钾比值,,,,
唾液钾,,,,
唾液黏蛋白,,,,
嗅神经检查,,,,
嗜中性分叶核粒细胞数,,,,
嗜中性杆状粒细胞数,,,,
嗜中性粒细胞核鼓槌小体,,,,
嗜异性凝集吸收试验,,,,
嗜异性凝集试验,,,,
嗜碱性点彩红细胞,,,,
嗜碱性粒细胞数,,,,
嗜酸性粒细胞数,,,,
嗜铬粒蛋白A,CgA,,,
嗜铬素A,,,,
囊泡病液体蛋白15,,,,
囊肿性纤维化基因突变检测,CF gene,,,
囊虫病补体结合试验,,,,
囊虫胶乳凝集试验,,,,
四步触诊法,,,,
四肢CT检查,,,,
四肢与关节运动功能,,,,
四肢的骨和关节平片,,,,
四肢透视,,,,
回归热螺旋体（BR）,,,,
国际标准化比值,INR,,,
国际标准智力测试,,,,
图形觉,,,,
土拉伦斯杆菌凝集试验,,,,
地高辛监测,,,,
坐位体前屈测试,,,,
坐位旋转试验,,,,
坠落试验,,,,
垂体后叶素,,,,
垂体肿瘤转化基因 1,,,,
埃可病毒抗体,,,,
基因诊断技术检测梅毒螺旋体,,,,
基础胃液分泌量,,,,
基础胃液分泌量/高峰胃液分泌量,,,,
基质金属蛋白酶-1,,,,
基质金属蛋白酶-2,,,,
基质金属蛋白酶-7,,,,
基质金属蛋白酶-9,,,,
增殖细胞核抗原,,,,
声阻抗检查,,,,
复合感觉检查,,,,
复方碘试验,,,,
复钙交叉试验,,,,
复钙时间,,,,
夏菲征,,,,
外-斐二氏反应,,,,
外周血淋巴细胞促凝血活性试验,,,,
外生殖器检查,,,,
外耳检查,,,,
外耳道,,,,
外阴部妇科常规检查,,,,
外鼻检查,,,,
多导睡眠图检查,,,,
多导睡眠监测(PSG),,,,
多普勒小儿血压检测,,,,
多普勒超声心动图,,,,
多染性红细胞,,,,
多药耐药基因,,,,
多药耐药相关蛋白,,,,
大型血小板比例,P-LCR,,,
大血小板比率,P-LCR,,,
大隐静脉瓣膜功能试验,,,,
天门冬氨酸,,,,
天门冬酰酸,,,,
夫欧契试验,,,,
头盆不称的估计法,,,,
头面部触诊,,,,
头颅大小,,,,
头颅平片,,,,
头颅形状,,,,
头颅正侧位片,,,,
头颅运动,,,,
夹纸试验,,,,
奥本汉姆征,,,,
女性性发育自我检查,,,,
妇产科内分泌功能试验,,,,
妇科的保健体检,,,,
妇科超声检查,,,,
妊娠周数的判断,,,,
妊娠早期唐氏综合症筛查,,,,
妊娠相关血浆蛋白A,PAPP-A,,,
妊高征预测方法,,,,
姿势与步态,,,,
威廉征,,,,
婴儿智力测试,,,,
婴幼儿测量身长,,,,
婴幼儿肌肉骨骼系统检查,,,,
婴幼儿股动脉搏动检查,,,,
婴幼儿视力检查,,,,
子宫位置,,,,
子宫及附件检查,,,,
子宫大小,,,,
子宫输卵管造影,,,,
子宫颈黏液检查,,,,
子母胰管镜检查,,,,
孕妇腹围检查,,,,
腹围,,,,
孕尿雌三醇测定（E3）,,,,
孕激素,,,,
孕激素受体,,,,
孕酮,P,,,
孢子丝菌凝集试验,,,,
安体舒通试验,,,,
实体觉,,,,
实际碳酸氢根,,,,
实际碳酸氢盐,,,,
室壁运动电影显示,,,,
宫底高度检查,,,,
宫缩应激试验,,,,
宫腔细菌培养,,,,
宫腔镜,,,,
宫颈刮片,,,,
宫颈粘液检查,,,,
寄生虫和虫卵检测,,,,
寄生虫感染免疫检测,,,,
寄生虫排泄物和分泌物检查,,,,
寄生虫血液检查,,,,
密螺旋体活动试验,,,,
寒冷凝集试验,,,,
寒冷性升压试验,,,,
对数视力表,,,,
对比敏感度(CSF)检查,,,,
对氨马尿酸合成试验,,,,
对氨马尿酸清除率,,,,
导管吹张法,,,,
封闭抗体检查,,,,
小儿角膜检查法,,,,
小指外展试验,,,,
小指对掌肌肌力试验,,,,
小指屈指试验,,,,
小指短屈肌肌力试验,,,,
小气脑CT扫描,,,,
小气道功能,,,,
小肠充盈及排空功能检查,,,,
小肠造影,,,,
小肠镜检查,,,,
少突胶质细胞转录因子2,,,,
尺压试验,,,,
尼古丁/可替宁,,,,
尼拉通线测量,,,,
尿17-生酮类固醇,,,,
尿17-羟皮质类固醇,,,,
尿17-酮皮质类固醇（17-KS）,,,,
尿17-酮类固醇,,,,
尿5-羟吲哚乙酸,,,,
尿6-酮-前列素F1a,,,,
尿C肽,,,,
尿N-乙酰β-D氨基葡萄糖苷酶,NAG,,,
尿N＇-甲基烟酰胺,,,,
尿TH糖蛋白,,,,
尿TH蛋白,,,,
尿co2测定,,,,
尿α1-微球蛋白,,,,
尿β-羟丁酸,,,,
尿β2微球蛋白,β2-MG,,,
尿β2微球蛋白清除率,,,,
尿β半乳糖苷酶,,,,
尿γ-谷氨酰转移酶,,,,
尿δ-氨基-γ-酮基戊酸,,,,
尿三杯试验,,,,
尿丙氨酸氨基肽酶,AAP,,,
尿乳糖,,,,
尿亚硝酸盐,NIT,,,
尿亮氨酸,,,,
尿亮氨酸氨基肽酶,,,,
尿人绒毛膜促性腺激素,UhCG,,,
尿促卵泡成熟素,,,,
尿儿茶酚胺,,,,
尿免疫球蛋白,,,,
尿前列腺素,,,,
尿动力学检查,,,,
尿半乳糖,,,,
尿卟啉,UP,,,
尿卟胆原,,,,
尿去氢异雄酮,,,,
尿含铁血红黄素,,,,
尿嘧啶脱氧核苷,,,,
尿培养,,,,
尿多巴胺,,,,
尿妊娠胶乳凝集抑制试验,,,,
尿孕酮,,,,
尿对羟苯丙酮酸,,,,
尿尿素,,,,
尿尿酸,,,,
尿微量转铁蛋白,,,,
尿总氮,,,,
尿戊糖,,,,
尿早早孕试验,,,,
尿本周蛋白（BJP）,,,,
尿果糖,,,,
尿比重3h试验,,,,
尿比重,SG,,,
尿氟,,,,
尿氨基酸氮,,,,
尿氨氮,,,,
尿氯,U-Cl,,,
尿汞,,,,
尿沉渣12小时计数,,,,
尿沉渣3小时计数,,,,
尿沉渣管型,,,,
尿沉渣细胞学,,,,
尿沉渣结晶,,,,
尿浓缩试验,,,,
尿液去甲肾上腺素,,,,
尿液浓缩稀释试验,,,,
尿液病原体检查,,,,
尿液皮质醇,UC,,,
尿液细胞学检查,,,,
尿液细菌培养,,,,
尿液葡萄糖,UG,,,
尿液运铁蛋白,,,,
尿液雌三醇,,,,
尿液雌二醇,,,,
尿液雌酮,,,,
尿液颜色,,,,
"尿淀粉酶,Amylase(AMS,AMY)",,,,
尿渗透压,,,,
尿溶菌酶,,,,
尿环磷酸腺苷,,,,
尿环磷酸鸟苷,,,,
尿瓜氨酸,,,,
尿甲氧基肾上腺素,,,,
尿瘘检测,,,,
尿白细胞（尿常规分析）,uWBC;UA,,,
尿白细胞,LEU,,,
尿白蛋白清除率,,,,
尿睾酮,,,,
尿砷,,,,
尿硒,,,,
尿碘,,,,
尿碱性磷酸酶,UALP,,,
尿磷,,,,
尿素氮,,,,
尿素清除率(UCL),,,,
尿红细胞形态计数,,,,
尿红细胞（尿常规分析）,Urbc;UA,,,
尿纤维蛋白降解产物,,,,
尿维生素B1,,,,
尿维生素B2,,,,
尿维生素B6,,,,
尿维生素C,Vitc,,,
尿羟脯氨酸,,,,
尿肌红蛋白,Myo,,,
尿肌酐,,,,
尿肌酸,,,,
尿肾上腺素,,,,
尿胃蛋白酶,,,,
尿胃蛋白酶原,,,,
尿胆原,URO,,,
尿胆汁酸,,,,
尿胆素,,,,
尿胆红素,BIL,,,
尿胱氨酸,,,,
尿脂肪,,,,
尿苦杏仁酸,,,,
尿苯丙酸试验,,,,
尿草酸盐,,,,
尿蛋白,,,,
尿蛋白定量,,,,
尿蛋白肌酐比率,,,,
尿蛋白质,PRO,,,
尿血栓素B2,,,,
尿血红蛋白定性,,,,
尿谷氨酰胺,,,,
尿谷草转移酶,,,,
尿路平片,,,,
尿透明度,,,,
尿道分泌物检查,,,,
尿酮体试验,,,,
尿酸,UA,,,
尿酸度,,,,
尿酸碱度（尿常规分析）,upH;UA,,,
尿酸碱度,PH,,,
尿醛固酮,,,,
尿钙,,,,
尿钠,Na,,,
尿钾,K,,,
尿铅,,,,
尿铍,,,,
尿铜,,,,
尿铜蓝蛋白,,,,
尿铬,,,,
尿锌,,,,
尿锰,,,,
尿镁,,,,
尿镉,,,,
尿隐血,BLD,,,
尿黄体生成素,,,,
尿黑素,,,,
尿葡萄糖,GLU,,,
尿酮体,KET,,,
尿镜检红细胞,,,,
尿镜检白细胞,,,,
尿镜检管型,,,,
尿镜检上皮细胞,,,,
尿镜检其他,,,,
局部显像,,,,
层粘连蛋白,,,,
层粘连蛋白43,,,,
层连粘蛋白,,,,
屈光检查,,,,
屈拇握拳试验,,,,
屈指试验,,,,
屈氏试验,,,,
屈肌紧张试验,,,,
屈肘试验,,,,
屈腕试验,,,,
屈颈试验,,,,
屏息试验,,,,
展神经检查,,,,
巢蛋白,,,,
巨噬细胞移动抑制试验,,,,
巨淀粉酶,,,,
巨细胞病毒抗体,CMV Ab,,,
巨细胞病毒早期蛋白,,,,
巨细胞病毒晚期蛋白,,,,
巩膜检查法,,,,
巩膜硬度,,,,
巩膜透照,,,,
已糖胺全酶,,,,
巴彬斯基征,,,,
巴氏涂片,PAP,,,
布拉加尔征,,,,
布氏杆菌凝集试验,,,,
布莱恩特三角检查,,,,
布鲁津斯基征,,,,
带状光检影法,,,,
带绦虫孕节检查法,,,,
常规小瞳孔检查,,,,
常量元素,,,,
干(硒)板静电摄影,,,,
干扰素,,,,
平滑肌肌动蛋白,,,,
平滑肌肌球蛋白重链,,,,
平衡法放射性核素心血管造影(ERNA),,,,
平面显像,,,,
年龄检查,,,,
并指(趾)畸形检查,,,,
并殖吸虫后尾蚴膜反应,,,,
幽门螺旋杆菌的免疫学检测,,,,
幽门螺旋杆菌的直接检查,,,,
幽门螺旋杆菌血清学测试,,,,
幽门螺杆菌,HP,,,
床旁摄片,,,,
床旁透视与术中透视,,,,
床边试验,,,,
库姆斯氏试验,,,,
康氏反应,,,,
异位胃粘膜显像,,,,
异常凝血酶原（APT）,,,,
异常口服葡萄糖耐量实验,,,,
异常红细胞形态检查,,,,
异形嗜中性粒细胞,,,,
异形淋巴细胞,,,,
异柠檬酸脱氢酶,,,,
弓弦试验,,,,
弓形体抗体测定,,,,
弓形虫抗体,,,,
弓形虫点免疫金渗滤法,,,,
引线试验,,,,
引颈试验,,,,
弗里德瑞希征,,,,
弥散容量测定,,,,
弹跳征,,,,
彻照法检查,,,,
循环免疫复合物,,,,
循环红细胞量,,,,
循环血浆量,,,,
微丝蚴（Mf）,,,,
微管蛋白alpha,,,,
微管蛋白beta,,,,
微管蛋白betaⅢ,,,,
微管蛋白相关抗体,,,,
微量元素中毒检测,,,,
微量白蛋白,MAU,,,
微量补体溶血敏感试验,,,,
心包积液化学检测,,,,
心包积液感染性疾病的检查,,,,
心包积液显微镜检查,,,,
心包积液检查,,,,
心包积液物理性状,,,,
心电图,,,,
心磷脂抗体,ACLA,,,
心肌灌注显像,,,,
心肺功能运动试验(CPET),,,,
心脏血管超声检查,,,,
心血管MRI检查,,,,
心血管疾病的超声诊断,,,,
心血管造影,,,,
心钠素,,,,
心音图检查,,,,
必需微量元素检测,,,,
快速血浆反应素环状卡片试验,,,,
快速血浆反应素试验,,,,
急诊药物过量检测,,,,
性激素结合球蛋白,SHBG,,,
总三碘甲状腺原氨酸,,,,
总甲状腺素,,,,
总胆汁酸,,,,
总蛋白,TP,,,
总钙,Ca,,,
意识状态,,,,
感染免疫检测,,,,
戈德伟特试验,,,,
戈登征,,,,
手畸形检查,,,,
手背浅静脉充盈度,,,,
托马斯试验,,,,
扫描电子显微镜,,,,
抑制素alpha,,,,
抑癌基因Rb,,,,
抗Jo-1抗体,,,,
抗Ku抗体,,,,
抗PM-1抗体,,,,
抗RNP抗体,,,,
抗SS-A(Ro)抗体,,,,
抗SS-B(La)抗体,,,,
抗Sa抗体,,,,
抗Scl-70抗体,,,,
抗Sm抗体,anti-sm,,,
抗U1RNP抗体,,,,
"抗Xa因子肝素,Anti-factor Xa hepar,low molecular weight heparin(AFXaH,LMWH)",,,,
抗丁型肝炎病毒IgG抗体,,,,
抗丁型肝炎病毒IgM抗体,,,,
抗丙型肝炎病毒IgA抗体,,,,
抗中性粒细胞抗体（ANGA）,,,,
抗中性粒细胞胞浆抗体,,,,
抗乙酰胆碱受体抗体,,,,
抗乙酸胆碱受体抗体（anti-AchR）,,,,
抗人球蛋白试验,,,,
抗体依赖性细胞(K细胞)毒性,,,,
抗内因子抗体,,,,
抗内皮细胞抗体,,,,
抗军团菌抗体试验,,,,
抗凝血酶抗原含量,,,,
抗凝血酶活性,AT—ⅢA,,,
抗利尿激素,,,,
抗单链DNA(ssDNA)抗体,,,,
抗原皮内试验,,,,
抗双链DNA抗体,,,,
抗可溶性肝抗原抗体（SLA）,,,,
抗多发性肌炎-l抗体,,,,
抗子宫内膜抗体,,,,
抗小肠杯状细胞抗体（IGA）,,,,
抗巨细胞病毒IgM抗体,,,,
抗平滑肌抗体,ASMA,,,
抗幽门杆菌IgG抗体,,,,
抗庚型肝炎病毒E2抗体,,,,
抗庚型肝炎病毒IgG抗体,,,,
抗心肌抗体,,,,
抗心肌细胞膜抗体,,,,
抗戊型肝炎病毒IgG抗体,,,,
抗戊型肝炎病毒IgM抗体,,,,
抗戊型肝炎病毒抗体,,,,
抗普肯耶细胞抗体,,,,
抗柯萨奇B病毒IgG抗体,,,,
抗核仁抗体,,,,
抗核仁核糖核酸(RNA)抗体,,,,
抗核抗体,ANA,,,
抗核苷酶试验,,,,
抗桥粒自身抗体,,,,
抗流行性乙型脑炎病毒IgM抗体,,,,
抗流行性出血热IgM抗体,,,,
抗浸出性核抗原(ENA)抗体,,,,
抗淋巴细胞抗体,,,,
抗热休克蛋白-60抗体,,,,
抗环瓜氨酸多肽抗体（抗CCP）,,,,
抗甲型肝炎病毒IgA抗体,,,,
抗甲状腺微粒体抗体,,,,
抗甲状腺抗体,,,,
抗甲状腺球蛋白抗体,ATG,,,
抗登革病毒IgG抗体,,,,
抗盐水可提取性核抗原（ENA）抗体,,,,
抗着丝点抗体,,,,
抗碱血红蛋白,,,,
抗磷脂抗体,APLA,,,
抗神经元核抗体(Hu,,,,
抗类风湿性关节炎33抗体,,,,
抗精子抗体,,,,
抗红细胞抗体,RBC Ab,,,
抗组织相容性抗原-DR抗体,,,,
抗组蛋白抗体,,,,
抗网蛋白抗体,,,,
抗肌内膜自身抗体,,,,
抗肌球蛋白抗体,,,,
抗肝细胞膜抗原抗体,,,,
抗肝细胞膜特异性脂蛋白抗体,,,,
抗肝肾微粒体抗体测定（LKM）,,,,
抗肾上腺皮质抗体,,,,
抗肾小球基底膜抗体,,,,
抗胃壁细胞抗体,,,,
抗胰岛素受体抗体,,,,
抗胰岛素抗体,,,,
抗胰糜蛋白酶,,,,
抗胰腺腺泡抗体(PAB),,,,
抗胰蛋白酶,,,,
抗脱氧核糖核酸(DNA)抗体,,,,
抗艾滋病(AIDS)抗体,,,,
抗血小板抗体,,,,
抗血小板膜糖蛋白自身抗体测定,,,,
抗表皮基底膜抗体,,,,
抗角蛋白抗体,,,,
抗透明带抗体,,,,
抗透明质酸酶,,,,
抗酒石酸酸性磷酸酶,TRAP/TRACP,,,
抗链球菌型M蛋白抗体,,,,
抗链球菌壁多糖抗体,,,,
抗链球菌溶血素O,ASO,,,
抗链球菌激酶试验,,,,
抗隐球菌抗体,,,,
抗骨骼肌抗体,,,,
抗骨骼肌柠檬酸提取物抗体,,,,
抗麸质抗体,,,,
抬腿试验,,,,
抱膝试验,,,,
抽屉试验,,,,
拇外翻检测,,,,
拇指对掌肌肌力试验,,,,
拇指对掌试验,,,,
拇指小指尖相对试验,,,,
拇指指甲滑动试验,,,,
拇收肌肌力试验,,,,
拇短伸肌肌力试验,,,,
拇短展肌肌力试验,,,,
拉塞格征,,,,
拉斯特征,,,,
拉曼征,,,,
拓扑异构酶I,,,,
拓扑异构酶Ⅱalpha,,,,
拳叩试验,,,,
拾物试验,,,,
持板试验,,,,
持水杯试验,,,,
指总伸肌肌力试验,,,,
指指试验,,,,
指深屈肌肌力试验,,,,
指脉氧,,,,
指鼻试验,,,,
挤压小腿三头肌试验,,,,
挤压泪囊试验,,,,
挺胸试验,,,,
捏鼻闭口呼气法,,,,
排粪造影检查,,,,
描图试验,,,,
提睾反射,,,,
提腿试验,,,,
握力体重指数,,,,
握拳尺偏试验,,,,
搔刮试验,,,,
搔弹音,,,,
摸空征,,,,
撞击试验,,,,
支气管哮喘运动激发试验,,,,
支气管激发试验(BPT),,,,
支气管肺泡灌洗术(BAL),,,,
支气管舒张试验,,,,
支气管造影,,,,
支气管镜检查,,,,
收缩压,,,,
改良加藤法,,,,
放射免疫显象,,,,
放射性核素肾图,,,,
放射性核素脑血管显像,,,,
放射过敏原吸附试验(RAST),,,,
散光表验光法,,,,
散瞳验光,,,,
斑疹伤寒血清学检测,,,,
断层显像,,,,
斯叩达鼓音,,,,
斯比德试验,,,,
新斯的明试验,,,,
新生儿听力筛查,,,,
新生儿甲状腺功能检查,,,,
新生儿疾病筛查,,,,
新生儿红细胞计数,,,,
方肩检查,,,,
施瓦巴赫试验,,,,
旋前圆肌和旋前方肌肌力试验,,,,
旋后肌肌力试验,,,,
旋转试验,,,,
无效腔气量/潮气量比值,,,,
无痛内视镜检查,,,,
无痛肠镜,,,,
无痛胃镜,,,,
无管胃酸分析,,,,
早产视网膜病变筛查,,,,
昂德腊耳征,,,,
易粘蛋白,,,,
普拉特试验,,,,
普通透视检查(透视),,,,
普鲁卡因皮内试验,,,,
普鲁卡因过敏试验,,,,
晶状体检查,,,,
智商,,,,
暗适应曲线,,,,
曲面体层摄影,,,,
最大中期呼气流速与最大中期流速时间(MMFR),,,,
最大呼气中段流量,,,,
最大呼气流量-容积曲线(MEFV),,,,
最大胃液分泌量,,,,
最大胃酸分泌量测定（MAO）,,,,
有核红细胞,,,,
望远镜试验,,,,
木糖测定,,,,
末端脱氧核苷酸转移酶,,,,
术后经T形管胆道造影,,,,
李文生试验,,,,
杜加斯征,,,,
极低密度脂蛋白-胆固醇,,,,
林纳试验,,,,
果糖耐量试验,,,,
果糖胺,,,,
染色体核型分析,,,,
查多克征,,,,
柯萨奇病毒抗体,,,,
标准碳酸氢盐,,,,
核磁共振成像(MRI),,,,
核糖核苷酸还原酶M1,,,,
核糖核酸染色,,,,
核转录因子NF-κB ,,,,
格哈德征,,,,
桡骨膜反射,,,,
梅毒,,,,
梅毒定性试验,,,,
梅毒螺旋体明胶凝集试验,,,,
梅毒螺旋体血凝试验,,,,
梅毒血清试验,,,,
梳头试验,,,,
检影镜,,,,
检眼镜检查法,,,,
棒状小体,,,,
棘层细胞松解征检查,,,,
棘形红细胞,,,,
棘球蚴皮内试验,,,,
植物血凝素皮内试验,,,,
植物血凝素试验,,,,
椎板间隙显微内窥镜,,,,
椎管内注射标记物法,,,,
椎间孔挤压试验,,,,
椭圆形红细胞,,,,
正电子发射计算机断层扫描(PET),,,,
步态分析,,,,
残气量(RV),,,,
残气量/肺总量比值(RV/TLC),,,,
每分钟最大通气量(MVV),,,,
每分钟肺泡通气量(VA),,,,
每分钟静息通气量(VE),,,,
毒素皮肤试验,,,,
比塞征,,,,
比弗尔征,,,,
比格凝血活酶生成时间,,,,
毕克征,,,,
毛发,,,,
毛滴虫,,,,
毛细血管搏动征,,,,
毛细血管脆性试验,,,,
气体分布,,,,
气管移位检查,,,,
气管软化试验,,,,
气道阻力(R),,,,
气钡双对比造影,,,,
氧分压（血气分析）,PO2,,,
氧化醋酸AS-D萘酚酯酶染色,,,,
氨基酸测定,,,,
氯丙嗪试验,,,,
氰化高铁Hb测定法,,,,
水坑试验,,,,
水溶性维生素,,,,
水痘和带状疱疹试验,VZV,,,
水负荷ADH抑制试验,,,,
汉坦病毒抗体（VH-Ab）,,,,
汗液氯化物,,,,
汗液电解质检查,,,,
沙眼衣原体,,,,
沙眼衣原体IgM和IgG,,,,
沙眼衣原体抗体,,,,
沙眼衣原体抗原,,,,
治疗药物监测,,,,
泌乳素（PRL）兴奋试验,,,,
泌尿系统CT检查,,,,
泛素,,,,
波形蛋白,,,,
波顿格征,,,,
泪器检查,,,,
泪液pH,,,,
泪液β2-微球蛋白,,,,
泪液乳酸脱氢酶,,,,
泪液乳铁蛋白,,,,
泪液分泌型免疫球蛋白A,,,,
泪液分泌试验,,,,
泪液溶菌酶,,,,
泪液电解质,,,,
泪液表皮生长因子,,,,
泪滴状红细胞,,,,
泪管显象,,,,
泪腺检查法,,,,
泪膜破裂时间,,,,
泪道冲洗,,,,
泪道探术,,,,
泪道检查,,,,
洛日埃征,,,,
活化凝血时间,,,,
活化蛋白C抵抗试验,,,,
活化部分凝血活酶时间,APTT,,,
活检,,,,
流感检测,,,,
流感病毒抗体,,,,
流行性出血热病毒抗体,,,,
流行性脑脊髓膜炎免疫学试验,,,,
流速容量测定,,,,
浅反射检查,,,,
浅感觉检查,,,,
浆细胞,,,,
浆膜腔积液病原体,,,,
浆膜腔粘蛋白定性试验(Rivalta test,,,,
浮髌试验,,,,
消化道激素,,,,
涎腺超声检查,,,,
液晶热图,,,,
液气胸征,,,,
液波震颤(fluid thrill),,,,
淀粉酶,AMY,,,
淀粉酶同工酶,,,,
淋巴细胞数,,,,
淋巴细胞绝对值,Lymph#,,,
淋巴细胞毒试验,,,,
淋巴细胞比值(LY%),,,,
淋巴细胞百分比,,,,
淋巴细胞脉络丛脑膜炎补体结合试验,,,,
淋巴细胞转化率,,,,
淋球菌抗体检测,,,,
淋病,,,,
淋病核酸检测,,,,
深反射检查,,,,
深吸气量(IC),,,,
深感觉检查,,,,
深静脉通畅试验,,,,
混合淋巴细胞培养试验,,,,
渗透压,O,,,
温度觉,,,,
游离T3,FT3,,,
游离T4,FT4,,,
游离三碘甲状腺原氨酸指数,,,,
游离三碘甲状腺原氨酸（FT3）,,,,
游离甲状腺指数,,,,
游离甲状腺素（FT4）,,,,
游离肝素时间,,,,
游离蛋白S测定,,,,
游离钙,FCa,,,
溴隐亭（BCT）抑制PRL试验,,,,
溶菌酶,,,,
溶血性乙型脑炎补体结合试验,,,,
溶血试验,,,,
溶解酶,,,,
滑膜液常规检查,,,,
滑膜液总细胞计数,,,,
滑膜液感染性疾病测试,,,,
滑膜液显微镜检查,,,,
滑膜液物理性状,,,,
滑膜液生化检查,,,,
滑膜液肉眼检查,,,,
滑车神经检查,,,,
滤泡树突状细胞,,,,
滤过紫外线检查,,,,
潮气容量,,,,
灭活血清反应素试验,,,,
炭疽的凝集反应,,,,
烟碱,,,,
烟碱型乙酰胆碱受体抗体,,,,
烟酸,,,,
热休克蛋白70,,,,
热溶血试验,,,,
爬虫酶时间,,,,
牙髓温度试验(冷热诊),,,,
牙髓电活力测定,,,,
特伦德伦伯格试验,,,,
特异性脂酶染色,,,,
特殊细菌涂片检查,,,,
狄克试验,,,,
狼疮抗凝物,LA,,,
狼疮细胞试验,,,,
猪囊虫抗体,,,,
环卵沉淀试验,,,,
环孢菌素监测,CsA,,,
环氧化物酶1,,,,
环氧化物酶2,,,,
环磷酸鸟苷,,,,
现时身高预测法,,,,
玻片压诊法,,,,
球囊逼出试验,,,,
球形红细胞,,,,
瑞斯托霉素诱导血小板聚集测定,,,,
甘氨酰脯氨酸二肽氨基肽酶,,,,
甘氨酸,,,,
甘油三酯,TG,,,
生存素,,,,
生理无效腔(Vd/Vt),,,,
生育镜,,,,
生长抑素,,,,
生长激素,GH,,,
用力肺活量(FVC),,,,
甲型肝炎抗体,HAV; HAV Ab,,,
甲型肝炎抗原,,,,
甲型肝炎病毒抗原（HAVAg）,,,,
甲基丙二酸,MMA,,,
甲基鸟嘌呤甲基转移酶,,,,
甲状旁腺显像,,,,
甲状旁腺激素,PTH,,,
甲状旁腺激素（PTH）试验,,,,
甲状旁腺素,,,,
甲状腺131碘吸收率,,,,
甲状腺B型超声检查,,,,
甲状腺、甲状旁腺的超声检查,,,,
甲状腺微粒体抗体,,,,
甲状腺摄131碘试验,,,,
甲状腺放射性核素显影检查,,,,
甲状腺显像,,,,
甲状腺激素抑制显像,,,,
甲状腺球蛋白,TG,,,
甲状腺素结合球蛋白,,,,
甲状腺血流显像,,,,
甲状腺转录因子1,,,,
甲状腺过氧化物酶,,,,
甲状腺过氧化物酶抗体,,,,
甲胎蛋白,,,,
电子支气管镜检查,,,,
电子束CT,,,,
电子皮镜,,,,
电子肠镜,,,,
电子胃镜,,,,
电子阴道镜,,,,
电测听,,,,
电阻抗体积描记检查,,,,
男性不育HCG刺激试验,,,,
男性生殖内分泌检查,,,,
男性生殖器发育自我检测,,,,
男性生殖系X线检查,,,,
男科计算器体层扫描(CT),,,,
疟原虫抗原和抗体,,,,
疟疾间接免疫荧光试验,,,,
病毒感染免疫检测,,,,
病理反射检查,,,,
痛觉,,,,
痢疾杆菌检测,,,,
痰液中分泌型IgA,,,,
痰液中分泌型IgE,,,,
痰液中寄生虫和虫卵,,,,
痰液中弹力纤维,,,,
痰液中晶体,,,,
痰液中柯什曼螺旋体,,,,
痰液中细胞分类,,,,
痰液性状,,,,
痰液气味,,,,
痰液病原体检查,,,,
痰液细菌培养,,,,
痰液细菌涂片检查,,,,
痰液量,,,,
痰液颜色,,,,
瘘管试验,,,,
癌胚抗原,,,,
癣菌素试验,,,,
白带检查,,,,
白细胞介素1（IL-1）,,,,
白细胞介素2（iL-2）,,,,
白细胞介素4（iL-4）,,,,
白细胞介素5（iL-5）,,,,
白细胞共同抗原,,,,
白细胞分类计数,WBC Diff,,,
白细胞抗原（HLA）,,,,
白细胞移动抑制试验,,,,
白细胞计数,WBC,,,
白蛋白,ALB,,,
白蛋白/球蛋白比率,A/G,,,
白陶土部分凝血活酶时间,,,,
百日咳病原检测,,,,
百白咳抗体检测,,,,
皮损,,,,
皮疹,,,,
皮肝穿刺胆管造影(PTC),,,,
皮肤划痕试验,,,,
皮肤定位觉,,,,
皮肤弹性检查,,,,
皮肤斑贴实验,,,,
皮肤涂片显微镜检查,,,,
皮肤点刺试验,,,,
皮肤病的物理检查,,,,
皮肤癌检测,,,,
皮肤颜色,,,,
皮质素葡萄糖耐量试验,,,,
皱缩红细胞,,,,
盆底肌电图,,,,
盆底肌电图检查,,,,
盆腔CT检查,,,,
盆腔MRI检查,,,,
盆腔充气造影,,,,
盆腔和阴道B超,,,,
盆腔窃血试验,,,,
盖斯兰试验,,,,
直伸运动试验,,,,
直接抗球蛋白试验,DAT,,,
直接检眼镜检查法,,,,
直接涂片检查,,,,
直接胆红素/间接胆红素比值,,,,
直接胆红素与总胆红素比值,,,,
直立倾斜试验,,,,
直肠-肛门运动功能测定,,,,
直肠指检,,,,
直肠镜检查,,,,
直腿伸踝试验,,,,
直腿抬高试验,,,,
真菌检测,,,,
眼位检查法,,,,
眼功能检查,,,,
眼压,,,,
眼压指测法,,,,
眼压描记检查法,,,,
眼压计测量法,,,,
眼及眶区CT检查,,,,
眼外部检查,,,,
眼底微血管检查,,,,
眼底接触镜,,,,
眼底检查,,,,
眼底荧光血管造影,,,,
眼底镜检查法,,,,
眼心反射,,,,
眼标本的细菌学检查,,,,
眼球及眼眶检查法,,,,
眼球和眼眶的超声检查,,,,
眼球异物定位摄影,,,,
眼球突出度,,,,
眼球表膜检查,,,,
眼球运动检查,,,,
眼睑检查,,,,
眼睑肌力测量计,,,,
眼科检查,,,,
眼震电图描记法,,,,
睫状血管检查法,,,,
睾丸检查,,,,
睾丸自我检查,,,,
睾酮,T,,,
瞳孔反射,,,,
瞳孔外观,,,,
瞳孔检查,,,,
瞳孔计,,,,
石胆酸,,,,
研磨试验,,,,
破伤风抗毒素皮内试验（TAT),,,,
硝基四唑氮蓝试验,,,,
硫嘌呤甲基转移酶,TPMT,,,
硫酸脱氢表雄酮,DHEAS,,,
硫酸锌浊度试验,,,,
硬币叩击征,,,,
碎裂红细胞,,,,
碱性磷酸酶,ALP,,,
碱性磷酸酶染色,,,,
碱性胚胎蛋白,,,,
碳13尿素呼气试验,,,,
碳酸氢盐,AB,,,
磁共振增强扫描,,,,
磁共振平扫,,,,
磁共振水成像,,,,
磁共振波谱分析,,,,
磁共振波谱成像,,,,
磁共振血管造影,,,,
磷,P,,,
磷脂酰基醇蛋白聚糖3,,,,
磷脂酶A2,Lp-PLA2,,,
磷酸甘油转化酶,,,,
磷酸甘油酸激酶,,,,
神经丝蛋白（广谱）,,,,
神经元特异性烯醇化酶,,,,
神经性钙粘附蛋白,,,,
神经系统核医学检查,,,,
神经系统检查,,,,
科德曼征,,,,
积液β2-微球蛋白,,,,
积液乳酸脱氢酶,,,,
积液溶菌酶,,,,
积液癌胚抗原,,,,
积液纤维结合蛋白,,,,
积液腺苷脱氢酶,,,,
移动性浊音,,,,
穿孔素,,,,
突触素,,,,
窦道及瘘管造影,,,,
立体视觉,,,,
立克次体凝集试验,,,,
立克次体补体结合试验,,,,
竖毛反射,,,,
站立位研磨试验,,,,
端坐伸膝试验,,,,
端粒酶,,,,
端粒酶活性,,,,
等流量容积,,,,
等渗盐水低压灌肠试验,,,,
简易凝血活酶生成纠正试验,,,,
简易凝血酶生成试验,,,,
类风湿因子,RF,,,
类风湿相关核抗原(RANA)抗体,,,,
粒细胞与红细胞比值,,,,
粒细胞集落刺激因子,,,,
粒酶B,,,,
粘蛋白1,,,,
粘蛋白2,,,,
粘蛋白5AC,,,,
粘蛋白6,,,,
粪中细胞,,,,
粪中结晶,,,,
粪中脂肪,,,,
粪便显微镜检查,,,,
粪便潜血试验,FOBT,,,
粪便菌群失调,,,,
粪便颜色,,,,
粪便性状,,,,
粪便镜检红细胞,,,,
粪便镜检白细胞,,,,
粪便镜检虫卵,,,,
粪便镜检其他,,,,
粪便隐血实验,FOBT,,,
粪卟啉,,,,
粪培养,,,,
粪寄生虫卵,,,,
粪形状和硬度,,,,
粪气味,,,,
粪氯,,,,
粪特里布累,,,,
粪瘘检测,,,,
粪糜蛋白酶,,,,
粪细菌培养,,,,
粪结核杆菌检查,,,,
粪胆原,,,,
粪胆素,,,,
粪胆红素,,,,
粪脂肪定量,,,,
粪酸碱度,,,,
粪量,,,,
粪钙,,,,
粪钾,,,,
粪隐血试验,,,,
粪颜色,,,,
粪食物残渣,,,,
精子制动试验,,,,
精子子宫黏液贯通试验,,,,
精子形态,,,,
精子数,,,,
精子活动力,,,,
精子活动率,,,,
精子运动速度,,,,
精子顶体酶,,,,
精氨酰琥珀酸裂解酶,,,,
精氨酸,,,,
精氨酸兴奋GH试验,,,,
精浆α-葡萄糖苷酶,,,,
精液乳酸脱氢酶-X,,,,
精液分析,,,,
精液果糖,,,,
精液柠檬酸,,,,
精液气味,,,,
精液液化时间,,,,
精液细胞,,,,
精液细菌,,,,
精液肉毒碱,,,,
精液酸度,,,,
精液酸性磷酸酶,,,,
精液量,,,,
精液锌,,,,
精液颜色,,,,
精液黏稠度,,,,
糖化血清蛋白,,,,
糖化血红蛋白,,,,
糖化血红蛋白组分（GHb,,,,
糖原染色,,,,
糖尿病视网膜病变检查,,,,
糖筛,,,,
系统胎儿超声检查,,,,
紧密连接蛋白1,,,,
紧密连接蛋白3,,,,
紧密连接蛋白4,,,,
紧密连接蛋白7,,,,
紧张度与动脉壁状态,,,,
絮状沉淀试验,,,,
红外热象图检查,,,,
红斑量测定,,,,
红细胞5＇-嘧啶核苷酸酶,,,,
红细胞δ-氨基-γ-酮戊酸脱水酶,,,,
红细胞丙酮酸激酶,,,,
红细胞乙酰胆碱脂酶,,,,
红细胞乳酸生成率,,,,
红细胞乳酸脱氢酶,,,,
红细胞二磷酸甘油转移酶,,,,
红细胞体积分布宽度,,,,
红细胞体积指数,,,,
红细胞压积,Hct,,,
红细胞比积,HCT,,,
红细胞变形性,,,,
红细胞大小异常,,,,
红细胞寿命,,,,
红细胞己糖激酶,,,,
红细胞平均容积,MCV,,,
平均红细胞体积,MCV,,,
红细胞平均直径,,,,
红细胞平均血红蛋白浓度,MCHC,,,
平均红细胞血红蛋白浓度,MCHC,,,
红细胞平均血红蛋白量,MCH,,,
平均红细胞血红蛋白含量,MCH,,,
红细胞机械性脆性试验,,,,
红细胞染色质小体,,,,
红细胞比容,,,,
红细胞流动系数TK值,,,,
红细胞流变特性检测,,,,
红细胞渗透脆性试验,,,,
红细胞溶血卵磷脂酰基转移酶,,,,
红细胞滚动试验,,,,
红细胞滤过指数（IF）,,,,
红细胞烯醇化酶,,,,
红细胞环状体,,,,
红细胞电泳时间,,,,
红细胞破坏部位测定,,,,
红细胞碱粒凝集试验,,,,
红细胞磷丙糖异构酶,,,,
红细胞磷酸果糖激酶,,,,
红细胞磷酸甘油转化酶,,,,
红细胞磷酸甘油酸激酶,,,,
红细胞磷酸甘油醛脱氢酶,,,,
红细胞聚集性,,,,
红细胞腺苷酸激酶,,,,
红细胞膜磷脂,,,,
红细胞花环试验,,,,
红细胞葡萄糖-6-磷酸脱氢酶活性,,,,
红细胞葡萄糖磷酸异构酶,,,,
红细胞表面电荷,,,,
红细胞计数,RBC,,,
红细胞谷胱甘肽合成酶,,,,
红细胞谷胱甘肽还原酶,,,,
红细胞还原型谷胱甘肽(GSH)及稳定试验,,,,
红细胞醛缩酶,,,,
红细胞镰变试验,,,,
红细胞（血涂片），red blood cell count(RBC),,,,
纤溶酶,,,,
纤溶酶原,,,,
纤维支气管镜检查,,,,
纤维结肠镜检查,,,,
纤维肠镜,,,,
纤维胃镜,,,,
纤维胃镜检查,,,,
纤维蛋白-琼脂平板溶解试验,,,,
纤维蛋白原,Fg,,,
纤维蛋白溶解时间,,,,
纤维蛋白肽A,,,,
纤维蛋白肽B β15～42,,,,
纤维蛋白肽Bβ1～42,,,,
纤维蛋白降解产物,,,,
纤维连接蛋白,,,,
纤维鼻咽镜,,,,
纯音听力计检查法,,,,
纵隔镜检查,,,,
线粒体抗体,AMA,,,
组氨酸,His,,,
组织因子途径抑制物,,,,
组织多肽抗原,,,,
组织纤溶酶原激活物,,,,
组织纤维溶酶原激活物(t-PA),,,,
组织蛋白酶D,,,,
组胺吸入试验,,,,
组胺试验,,,,
细胞组织化学染色,,,,
细胞膜表面免疫球蛋白测定,,,,
细胞角蛋白10&13,,,,
细胞角蛋白14,,,,
细胞角蛋白17,,,,
细胞角蛋白18,,,,
细胞角蛋白19,,,,
细胞角蛋白20,,,,
细胞角蛋白5&6,,,,
细胞角蛋白5,,,,
细胞角蛋白7,,,,
细胞角蛋白8&18,,,,
细胞角蛋白8,,,,
细胞角蛋白AE1,,,,
细胞角蛋白AE3,,,,
细胞角蛋白CAM5.2,,,,
细胞角蛋白（广谱）,,,,
细胞角质蛋白19片段,,,,
细菌形态学检查方法,,,,
细菌性食物中毒检测,,,,
经支气管镜肺活检,,,,
经皮经肝胆道造影术,,,,
经皮肝穿胆道引流(PTD),,,,
经皮肤穿刺胆道造影,,,,
经胸壁针刺肺活检,,,,
经阴道超声,,,,
经食管超声心动图(TEE),,,,
绒毛活检,,,,
绒毛膜促性腺激素,,,,
绒毛膜促性腺激素beta,,,,
绒毛膜促性腺激素β （HCG-β）,,,,
绒毛蛋白,,,,
结合珠蛋白,Hp,,,
结合胆红素(SDB,,,,
结核感染T细胞检测(免疫斑点法),,,,
结核杆菌血清学检查（anti-TB）,,,,
结核菌素皮试,PPD,,,
结肠造影,,,,
结肠驱气试验,,,,
结膜的检查,,,,
结蛋白,,,,
维生素,,,,
维生素A,,,,
维生素A耐量试验,,,,
维生素A醇结合蛋白,,,,
维生素B1,VB1,,,
维生素B12,VitB12,,,
维生素B2,,,,
维生素B3,,,,
维生素B6,,,,
维生素C,,,,
维生素D,,,,
维生素E,,,,
维生素H,,,,
维生素K,vit K,,,
维生素K反应试验,,,,
缓冲液,,,,
缗钱状红细胞,,,,
缩宫素激惹试验,,,,
缩胆囊素,,,,
缺血修饰白蛋白,IMA,,,
网球肘试验,,,,
网织红细胞,Ret,,,
网织红细胞生成指数,,,,
羊水一般检查,,,,
羊水与尿液鉴别试验,,,,
羊水卵磷脂/鞘磷脂比值,,,,
羊水尿酸,,,,
羊水泡沫试验,,,,
羊水渗透量(压),,,,
羊水甲胎球蛋白,,,,
羊水白细胞,,,,
羊水细胞培养染色体检查,,,,
羊水细胞性染色质检查,,,,
羊水细菌检查,,,,
羊水肌酐,,,,
羊水胆红素,,,,
羊水脂肪细胞出现率,,,,
羊水量,,,,
羊水钠,,,,
羊水颜色,,,,
羊膜镜检查,,,,
美蓝试验,,,,
羟脯氨酸,,,,
翻转上睑方法,,,,
耳廓检查,,,,
耳的一般检查法,,,,
耳蜗电图,,,,
耳部检查,,,,
耳镜检查法,,,,
耳鼻咽喉CT检查,,,,
联合屈曲征,,,,
聚束蛋白,,,,
肋锁挤压试验,,,,
肌动蛋白,,,,
肌张力检查,,,,
肌浆蛋白,,,,
肌电图,,,,
肌红蛋白,Myo,,,
肌肉活检,,,,
肌酐,Cr,,,
肌酐清除率,Ccr,,,
肌酸激酶,CK,,,
肌钙蛋白,cTn,,,
肘后三角检查,,,,
肘直线检查,,,,
肛腹诊,,,,
肛门反射,,,,
肛门指检,,,,
肛门视诊,,,,
肝-颈静脉返流征,,,,
肝、胆、胰、脾的MRI检查,,,,
肝、胆、脾CT检查,,,,
肝上、下界叩诊,,,,
肝体积测定,,,,
肝促凝血活酶试验,,,,
肝促凝血酶原激酶试验,,,,
肝动态血池显像,,,,
肝区及胆囊叩击痛,,,,
肝区腹膜摩擦感,,,,
肝压痛,,,,
肝大小,,,,
肝实质显像,,,,
肝搏动,,,,
肝显像,,,,
肝癌铁蛋白,,,,
肝素-抗凝血酶Ⅳ复合物,,,,
肝细胞抗原,,,,
肝胆动态显像,,,,
肝胆显像,,,,
肝胶体显像,,,,
肝脏及胆囊叩诊,,,,
肝脏疾病超声诊断,,,,
肝脏触诊,,,,
肝脏震颤试验,,,,
肝血流灌注显像,,,,
肝表面状态和边缘,,,,
肝质地,,,,
肠血管活性肽,,,,
肠道真菌病检测,,,,
肠道通过时间测定和压力测定,,,,
肠镜,,,,
肠鸣音,,,,
股四头肌肌力试验,,,,
肢体血流图,,,,
肥达氏反应,,,,
肩关节外展试验,,,,
肩关节脱位的恐惧试验,,,,
肩外展摆动试验,,,,
肩胛骨检查,,,,
肱三头肌反射,,,,
肱二头肌反射,,,,
肱桡肌肌力试验,,,,
肺上皮细胞通透性(LEP)测定,,,,
肺内分流量(Qsp,,,,
肺功能检查,,,,
肺吸虫皮内试验,,,,
肺和胸膜叩诊,,,,
肺和胸膜听诊,,,,
肺和胸膜视诊,,,,
肺和胸膜触诊,,,,
肺容积,,,,
肺容量测定,,,,
肺弥散功能测定(DL),,,,
肺总量(TLC),,,,
肺显像,,,,
肺毛细血管楔压,,,,
肺泡气-动脉血氧分压差,,,,
肺活检,,,,
肺活量(VC),,,,
肺活量体重指数,,,,
肺灌注显像,,,,
肺炎支原体寒冷凝集试验,,,,
肺炎支原体补体结合试验,,,,
肺癌耐药蛋白,,,,
肺通气功能,,,,
肺通气显像,,,,
肺通气量,,,,
肺部检查,,,,
肺量计检测,,,,
肺阻抗血流图,,,,
肺顺应性(C),,,,
肾上腺CT检查,,,,
肾上腺MRI检查,,,,
肾上腺皮质显像,,,,
肾上腺髓质显像,,,,
肾动态显像,,,,
肾小球滤过分数,,,,
肾小球滤过率（GFR）,,,,
肾小管氨马尿酸最大排泄量试验,,,,
肾小管葡萄糖最大重吸收量试验,,,,
肾素活性,,,,
肾细胞癌标志,,,,
肾脏CT检查,,,,
肾脏MRI检查,,,,
肾脏切片,,,,
肾脏叩诊,,,,
肾脏触诊,,,,
肾脏超声检查,,,,
肾血流量,,,,
肾血浆流量,,,,
肾血管造影,,,,
肾静态显像,,,,
肿瘤VIP受体显像,,,,
肿瘤前哨淋巴结显像,,,,
肿瘤受体显像,,,,
肿瘤声学造影,,,,
肿瘤放射免疫显像(RII),,,,
肿瘤断层显象,,,,
肿瘤特异性生长因子,,,,
肿瘤相关抗原,,,,
肿瘤神经多肽受体显像,,,,
胃充盈及排空功能检查,,,,
胃基础胃酸分泌量测定（BAO）,,,,
胃总酸度测定,,,,
胃排空测定和显像,,,,
胃泌素,,,,
胃泡鼓音区,,,,
胃液IgG IgA,,,,
胃液β-葡萄糖醛酸苷酶,,,,
胃液γ-谷氨酰转移酶,,,,
胃液乳酸定性试验,,,,
胃液乳酸测定,,,,
胃液乳酸脱氢酶同工酶,,,,
胃液尿素测定,,,,
胃液总量,,,,
胃液显微镜检查,,,,
胃液气味,,,,
胃液泡沫稳定试验,,,,
胃液潜血试验,,,,
胃液胃癌相关抗原,,,,
胃液胃组织癌胚抗原,,,,
胃液蛋白酶,,,,
胃液酸碱度(pH),,,,
胃液锌,,,,
胃液颜色,,,,
胃游离盐酸测定,,,,
胃生理盐水排空试验,,,,
胃电图,,,,
胃粘膜活检,,,,
胃肠型和蠕动波,,,,
胃肠道CT检查,,,,
胃肠道功能动力学检查,,,,
胃肠道显像,,,,
胃肠道疾病的超声检查,,,,
胃蛋白酶,,,,
胃超声检查,,,,
胃运动功能测定,,,,
胃钡餐造影,,,,
胃镜,,,,
胃镜检查,,,,
胃食管反流测定和显像,,,,
胆囊和胆道收缩功能检查,,,,
胆囊胆道B超检查,,,,
胆囊触诊,,,,
胆囊超声检查,,,,
胆固醇酯与总胆固醇比值,,,,
胆碱酯酶,,,,
胆道支架引流(ERBD),,,,
胆道系统检查,,,,
胆道运动功能检测,,,,
胆道造影,,,,
胆道镜检查,,,,
胍基化合物,,,,
胎产式,,,,
胎儿体重预测,,,,
胎儿发育检查,,,,
胎儿生物物理相评分,,,,
胎儿畸形筛查,,,,
胎儿碱性蛋白（BFP）,,,,
胎儿纤连蛋白,fFN,,,
胎儿胰腺腺泡蛋白,,,,
胎儿脐动脉收缩压与舒张压的比值,,,,
胎儿镜检查,,,,
胎势,,,,
胎心监护,,,,
胎心胎动,,,,
胎心音,,,,
胎方位,,,,
胎盘催乳素,,,,
胎盘分级,,,,
胎盘成熟度,,,,
胎盘泌乳素（PL）,,,,
胎盘生乳素,,,,
胎盘碱性磷酸酶,,,,
胫叩打试验,,,,
胫骨后肌肌力试验,,,,
胰凝乳蛋白酶,,,,
胰多肽,,,,
胰岛瘤相关抗原-2自身抗体检测,IA-2A,,,
胰岛素,,,,
胰岛素-c肽测定及其释放试验,,,,
胰岛素低血糖兴奋GH、ACTH试验,,,,
胰岛素刺激胃分泌试验,,,,
胰岛素原,,,,
胰岛素受体,,,,
胰岛素抗体,,,,
胰岛素样生长因子-1,IGF-1,,,
胰岛素样生长因子1受体b,,,,
胰岛素胃酸分泌量,,,,
胰岛素自身抗体,IAA,,,
胰岛细胞膜抗体,,,,
胰岛细胞自身抗体,ICA,,,
胰泌素,,,,
胰胚抗原,,,,
胰脏触诊,,,,
胰腺疾病超声诊断,,,,
胰腺的CT检查,,,,
胰蛋白酶(Try),,,,
胰蛋白酶原,,,,
胰蛋白酶和糜蛋白酶,,,,
胰酶泌素-胰泌素试验,,,,
胰高血糖素,,,,
胰高血糖素负荷试验,,,,
胱抑素C,cys C,,,
胱氨酸(Cys),,,,
胶乳凝集抑制试验(LAI),,,,
胶体铁染色,,,,
胶囊内视镜,,,,
胶质纤维酸性蛋白,,,,
胸围、吸气胸围,,,,
胸壁检查,,,,
胸廓挤压征,,,,
胸廓检查,,,,
胸水检查,,,,
胸腔积液免疫化学检查,,,,
胸腔镜检查,,,,
胸腹水纤维蛋白降解产物,,,,
胸腹部垫枕试验,,,,
胸膜摩擦感,,,,
胸膜腔内气体成分压力的测定,,,,
胸膝卧位检查,,,,
胸苷磷酸化酶,,,,
胸苷酸合成酶,,,,
胸部B超,,,,
胸部CT检查,,,,
胸部MRI,,,,
胸部外部检查,,,,
胸部平片,,,,
胸部滴水声,,,,
胸部疾病体征检查,,,,
胸部透视,,,,
脂溶性维生素,,,,
脂肪吸收试验,,,,
"脂肪酶,lipase(LPS,LIP)",,,,
脂蛋白a,LP-a,,,
脂蛋白电泳,,,,
脂蛋白脂肪酶,,,,
脆性组氨酸三联体,,,,
脉冲震荡肺功能(IOS),,,,
脉律,,,,
脉搏,,,,
脉搏强弱,,,,
脉搏波速度,,,,
脉波,,,,
脉率,,,,
脊柱MRI检查,,,,
脊柱弯曲度,,,,
脊柱检查,,,,
脊柱椎体平扫,,,,
脊柱活动度,,,,
脊柱触诊,,,,
脊柱超伸试验,,,,
脊柱运动试验,,,,
脊椎平片,,,,
脊髓灰质炎病毒抗体,,,,
脏器声学造影,,,,
脏器断层显像,,,,
脏器触诊,,,,
脐检查,,,,
脐血流检查,,,,
脑代谢显像,,,,
脑功能成像技术,,,,
脑垂体CT检查,,,,
脑多普勒超声(TCD),,,,
脑干反射检查,,,,
脑干听觉诱发电位(BAEP),,,,
脑氧代谢显像,,,,
脑池显象,,,,
脑电图尖波,,,,
脑电图弥漫性慢波,,,,
脑电图检查,,,,
脑电图棘波,,,,
脑神经检查,,,,
脑脊液(Kahn)氏沉淀试验,,,,
脑脊液5-羟吲哚乙酸,,,,
脑脊液C-反应蛋白,,,,
脑脊液IgG/白蛋白比值,,,,
脑脊液P物质,,,,
脑脊液β-内啡肽,,,,
脑脊液β2-微球蛋白,,,,
脑脊液丙二醛,,,,
脑脊液丙氨酸氨基转移酶,,,,
脑脊液乳酸,,,,
脑脊液乳酸脱氢酶,,,,
脑脊液亮氨酸-脑啡肽,,,,
脑脊液促甲状腺素,,,,
脑脊液免疫球蛋白,,,,
脑脊液内皮素,,,,
脑脊液分析,CSF analysis,,,
脑脊液单克隆抗体检测癌细胞,,,,
脑脊液压力,,,,
脑脊液囊虫病间接血球凝集试验,,,,
脑脊液天门冬氨酸氨基转移酶,,,,
脑脊液尿酸,,,,
脑脊液异柠檬酸脱氢酶,,,,
脑脊液强啡肽,,,,
脑脊液心钠素,,,,
脑脊液总胆固醇,,,,
脑脊液无机磷,,,,
脑脊液梅毒血清补体结合反应,,,,
脑脊液检查-化学检查-蛋白质检查,,,,
脑脊液比重,,,,
脑脊液氧分压(PO2)和二氧化碳分压(PCO2),,,,
脑脊液氨基酸,,,,
脑脊液氯化物,CSF analysis,,,
脑脊液游离型髓鞘碱性蛋白,,,,
脑脊液游离型髓鞘碱性蛋白抗体,,,,
脑脊液溶菌酶,,,,
脑脊液特异性梅毒螺旋体抗体,,,,
脑脊液猪囊虫抗体,,,,
脑脊液环磷腺苷,,,,
脑脊液环磷鸟苷,,,,
脑脊液生长抑素,,,,
脑脊液生长素,,,,
脑脊液病原体检查(CSF),,,,
脑脊液瘘孔定位,,,,
脑脊液的显微镜检查,,,,
脑脊液神经肽,,,,
脑脊液神经降压肽,,,,
脑脊液精氨酸加压素,,,,
脑脊液纤维连接蛋白,,,,
脑脊液细胞分类计数,,,,
脑脊液细胞计数,,,,
脑脊液细菌培养,,,,
脑脊液结合型髓鞘碱性蛋白,,,,
脑脊液结合型髓鞘碱性蛋白抗体,,,,
脑脊液结核性脑膜炎抗体,,,,
脑脊液肌酸激酶,,,,
脑脊液胆固醇酯,,,,
脑脊液胆碱酯酶,,,,
脑脊液胶体金试验,,,,
脑脊液脂质过氧化物,,,,
脑脊液脑膜炎球菌抗原,,,,
脑脊液色氨酸试验,,,,
脑脊液葡萄糖,CSFG,,,
脑脊液葡萄糖和血清葡萄糖比值,,,,
脑脊液蛋白定性,,,,
脑脊液蛋白定量,,,,
脑脊液蛋白电泳,,,,
脑脊液蛋白质,CSF analysis,,,
脑脊液血管活性肠肽,,,,
脑脊液谷氨酰胺,,,,
脑脊液载脂蛋白,,,,
脑脊液透明度,,,,
脑脊液酸碱度值,,,,
脑脊液钙,,,,
脑脊液钙调素,,,,
脑脊液钠,,,,
脑脊液钾,,,,
脑脊液铁,,,,
脑脊液铅,,,,
脑脊液铜,,,,
脑脊液镁,,,,
脑脊液降钙素基因相关肽,,,,
脑脊液隐血试验,,,,
脑脊液非蛋白氮,,,,
脑脊液颜色,,,,
脑脊液髓鞘碱性蛋白,,,,
脑脊液髓鞘碱性蛋白片段,,,,
脑膜刺激征,,,,
脑膜炎双球菌抗体测定,,,,
脑葡萄糖代谢显像,,,,
脑蛋白质代谢显像,,,,
脑血流显像,,,,
脑血流测定,,,,
脑血流灌注断层显像,,,,
脑血管造影,,,,
脑诱发电位,,,,
脑钠肽,BNP,,,
脯氨酸,,,,
脯氨酸肽酶,,,,
脱氢异雄酮(DHEA,,,,
脱氢表雄酮,,,,
脱氧核糖核酸染色,,,,
脱落细胞检查,,,,
脾显像,,,,
脾显象,,,,
脾脏叩诊,,,,
脾脏触诊,,,,
脾脏超声检查,,,,
腕三角软骨挤压试验,,,,
腮腺炎病毒抗体,,,,
腰大肌刺激试验,,,,
腰背痛体格检查,,,,
腰背部检查,,,,
腰背部麻醉试验,,,,
腰腿痛的感觉检查,,,,
腰臀围比例,,,,
腰部活动度,,,,
腰骶部丛毛征,,,,
腹壁反射,,,,
腹壁紧张度,,,,
腹水检查,,,,
腹水检验,,,,
腹水甘油三酯,,,,
腹股沟外环冲击试验,,,,
腹腔灌洗试验,,,,
腹腔脏器的叩诊,,,,
腹腔镜,,,,
腹膜后充气造影,,,,
腹部CT,,,,
腹部MRI检查,,,,
腹部体毛检查,,,,
腹部包块,,,,
腹部叩诊,,,,
腹部叩诊音,,,,
腹部听诊,,,,
腹部外形检查,,,,
腹部外形触诊,,,,
腹部平片,,,,
腹部搏动检查,,,,
腹部皮肤检查,,,,
腹部血管杂音,,,,
腹部血管超声检查,,,,
腹部透视,,,,
腹部静脉检查,,,,
腺病毒抗体,,,,
腾喜龙试验,,,,
膀胱叩诊,,,,
膀胱残余尿量测定,,,,
膀胱注水试验,,,,
膀胱触诊,,,,
膀胱超声检查,,,,
膀胱输尿管返流显象,,,,
膀胱造影,,,,
膀胱逼尿肌功能检查,,,,
膀胱镜,,,,
膀胱颈抬高试验,,,,
膈现象,,,,
膝侧向运动试验,,,,
膝关节分离试验,,,,
膝关节轴移试验,,,,
膝关节过伸试验,,,,
膝反射,,,,
臂丛牵拉试验,,,,
自主神经功能检查,,,,
自我血糖监测,,,,
自然杀伤细胞活性,,,,
自身免疫抗体检测,,,,
自身溶血试验,,,,
自身溶血试验及纠正试验,,,,
舌下神经检查,,,,
舌咽神经检查,,,,
舍佩耳曼征,,,,
舍莫尔试验,,,,
舒张压,,,,
艰难梭菌毒素,C. diff,,,
色氨酸(Try),,,,
色氨酸耐量试验,,,,
色素内镜检查,,,,
色觉,,,,
艾利斯征,,,,
节育器的X线检查,,,,
芬斯特弗征,,,,
芬科斯试验,,,,
花托试验,,,,
芽生菌补体结合试验,,,,
苏丹黑B染色,,,,
苯妥英监测,,,,
苷-胆酸,,,,
苷-鹅脱氧胆酸,,,,
苹果酸脱氢酶,,,,
茶碱和咖啡因监测,,,,
荧光密螺旋体抗体,,,,
荧光法密螺旋体抗体吸附试验,,,,
药敏试验,AST,,,
药物迷走神经阻滞试验,,,,
莱切曼试验,,,,
莱姆病试验,,,,
菊粉清除率,,,,
落臂试验,,,,
葡萄糖-6-磷酸脱氢酶,G-6-P-D,,,
葡萄糖可的松耐量试验,,,,
葡萄糖抑制生长激素试验,,,,
葡萄糖耐量试验,GTT,,,
葡萄糖转运蛋白1,,,,
蓝多耳菲征,,,,
蔗糖水溶血试验,,,,
蔗糖溶血试验,,,,
蕲蛇酶时间,,,,
薄层液基细胞涂片技术,,,,
虎红平板凝集试验,,,,
虹膜检查法,,,,
蛇毒因子溶血试验,,,,
蛋白C,PC:A,,,
蛋白S,PS:A,,,
蛋白基因产物9.5,,,,
蛋白电泳,SPE,,,
蝰蛇毒复钙时间,,,,
蝰蛇毒时间,,,,
蝰蛇毒磷脂凝固时间,,,,
蝶鞍侧位片,,,,
螺旋CT检查,,,,
螺旋体蛋白补体结合试验,,,,
蠕形螨检查,,,,
血凝抑制试验,,,,
血卟啉雾化吸入试验,,,,
血压,,,,
血吸虫尾蚴膜反应,,,,
血吸虫斑点酶联免疫吸附试验,,,,
血吸虫环卵沉淀试验,,,,
血吸虫皮内试验,,,,
血吸虫胶乳凝集试验,,,,
血吸虫酶联免疫吸附试验,,,,
血吸虫间接血凝试验,,,,
血块或血浆凝块溶解时间测定,,,,
血块收缩时间,,,,
血型糖蛋白A,,,,
血型鉴定,,,,
血培养,,,,
血小板ATP释放试验,,,,
血小板体积分布宽度,,,,
血小板凝集功能试验,,,,
血小板寿命,,,,
平均血小板体积,MPV,,,
血小板平均体积,,,,
血小板检查项目,,,,
血小板比积,,,,
血小板活化因子,,,,
血小板源性生长因子受体a,,,,
血小板电泳时间测定,,,,
血小板第Ⅲ因子有效性试验,,,,
血小板第Ⅳ因子,,,,
血小板粘附功能试验,,,,
血小板纤维蛋白原受体检测,,,,
血小板计数,PLT,,,
血小板钙流测定,,,,
血小板黏附功能试验,,,,
血小板（血涂片）,PLT,,,
血小板分布宽度,PDW,,,
血支原体抗体测定,,,,
血栓弹力图,,,,
血栓烷B2,,,,
血栓素B2,,,,
血栓调节蛋白抗原,,,,
血栓调节蛋白活性,,,,
血氧含量,,,,
血氧饱和度,,,,
血氨,,,,
血池显像,,,,
血沉,ESR,,,
血沉方程K值,,,,
血浆11-脱氧皮质酮,,,,
血浆17-羟孕酮,,,,
血浆18-羟-皮质酮,,,,
血浆18-羟-脱氧皮质酮,,,,
血浆β-血小板球蛋白,,,,
血浆二氢睾酮（DHT）,,,,
血浆亮氨酸,,,,
血浆促甲状腺激素释放激素(TRH),,,,
血浆内皮素测定,,,,
血浆凝血因子XI活性测定,,,,
血浆凝血因子X活性测定,,,,
血浆凝血因子Ⅱ活性测定,,,,
血浆凝血因子Ⅴ活性测定,,,,
血浆凝血酶原片段1+2检测,,,,
血浆凝血酶检测,,,,
血浆因子XIII缺乏筛选试验,,,,
血浆因子Ⅷ抑制物定性测定,,,,
血浆异亮氨酸,,,,
血浆正铁血红蛋白,,,,
血浆氟化物,,,,
血浆渗量检查,,,,
血浆游离皮质醇,,,,
血浆游离肾上腺素,AD,,,
血浆游离血红蛋白,,,,
血浆激肽释放酶原测定,,,,
血浆环磷酸腺苷,,,,
血浆生长素介质测定（SOM）,,,,
血浆皮质醇,,,,
血浆纤溶酶—抗纤溶酶复合物测定,,,,
血浆组织纤溶酶原活化物抑制物抗原检测,,,,
血浆组织纤溶酶原活化物抑制物活性检测,,,,
血浆组织纤溶酶原活化物抗原检测,,,,
血浆组织纤溶酶原活化物活性检测,,,,
血浆结合球蛋白半定量测定,,,,
血浆维生素B12,,,,
血浆缬氨酸,Val,,,
血浆肝素含量测定,,,,
血浆蛋白C抗原,,,,
血浆酮体,,,,
血浆醛固酮,,,,
血浆鱼精蛋白副凝试验,,,,
血浆黏度,,,,
血液丙酮酸,,,,
血液半乳糖,,,,
血液及骨髓细菌培养,,,,
血液尿素氮与肌酐比值,,,,
血液果糖,,,,
血液电解质检查,,,,
血液硫化血红蛋白,,,,
血液碳氧血红蛋白,,,,
血液葡萄糖,FPG,,,
血清C1q,,,,
血清N-乙酰-β-氨基葡萄糖酶（NAG）,,,,
血清α-L-岩藻糖苷酶,,,,
血清α1-微球蛋白,,,,
血清α1-酸性糖蛋白,,,,
血清α2-巨球蛋白,,,,
血清β2微球蛋白,β2-MG,,,
血清β—羟基丁酸测定,,,,
血清γ-谷氨酰转肽酶同工酶,,,,
血清Ⅲ型胶原蛋白,,,,
血清Ⅳ型胶原蛋白,,,,
血清一氧化氮,NO,,,
血清丁醇提取碘,,,,
血清三碘甲状腺原氨酸,,,,
血清不饱和铁结合力,,,,
血清丙氨酸氨基转移同工酶,,,,
血清丙酮酸激酶,,,,
血清乙酰乙酸,,,,
血清乳糖,,,,
血清乳酸脱氢酶,,,,
血清免疫球蛋白A,,,,
血清免疫球蛋白D,,,,
血清免疫球蛋白E,,,,
血清免疫球蛋白G,,,,
血清免疫球蛋白G亚类,,,,
血清免疫球蛋白M,,,,
血清免疫球蛋白（Ig）,,,,
血清免疫蛋白电泳,,,,
血清冷凝集素试验,,,,
血清冷球蛋白,,,,
血清冷纤维蛋白原,,,,
血清前S1蛋白,,,,
血清单胺氧化酶同工酶,,,,
血清单胺氧化酶（MAO）,,,,
血清卵磷脂-胆固醇酰基转移酶,,,,
血清唾液酸测定,,,,
血清天冬氨酶氨基转移酶同工酶,,,,
血清尿素,Ure,,,
血清尿素氮,,,,
血清山梨醇脱氢酶,,,,
血清已糖,,,,
血清总脂,TL,,,
血清总补体,,,,
血清总补体活性（CH50）,,,,
血清总铁结合力,TIBC,,,
血清支链氨基酸/芳香族氨基酸比值,,,,
血清比黏度,,,,
血清氯,Cl,,,
血清汞（Hg）,,,,
血清淀粉样蛋白A,,,,
血清游离甘油,,,,
血清游离胆固醇,,,,
血清游离脂肪酸,,,,
血清球蛋白,,,,
血清甘-鹅去氧胆酸,,,,
血清甘氨酰脯氨酰-二肽氨基肽酶（GPDA）,,,,
血清甘油三脂,,,,
血清甘胆酸,,,,
血清甲状腺素,,,,
血清甲状腺素结合前白蛋白,,,,
血清白细胞介素3,,,,
血清白细胞介素6,,,,
血清白细胞介素8,,,,
血清皮质醇,SC,,,
血清皮质醇结合球蛋白,,,,
血清砷（As）,,,,
血清硒(Se),,,,
血清碱性磷酸酶同工酶,,,,
血清碱性磷酸酶（ALP）,,,,
血清磷脂,,,,
血清磷酸已糖异构酶,,,,
血清磷（Pi）,,,,
血清类固醇结合β-球蛋白,,,,
血清粘蛋白,,,,
血清精氨酸酶,,,,
血清糜蛋白酶,,,,
血清素,5-HT,,,
血清纤维结合蛋白,,,,
血清结合球蛋白,,,,
血清肌酸激酶同工酶,,,,
血清胆固醇,,,,
血清胆固醇与磷脂比值,,,,
血清胆固醇酯,,,,
血清胰高血糖素（PG）,,,,
血清脂蛋白X,,,,
血清脂蛋白和血清脂蛋白电泳,,,,
血清脯氨酸羟化酶,,,,
血清腺苷脱氨酶,,,,
血清苯丙氨酸,,,,
血清蛋白结合碘,,,,
血清补体C1q,,,,
血清补体C3,,,,
血清补体C3裂解产物,,,,
血清补体C4,,,,
血清补体C4裂解产物,,,,
血清补体C5含量,,,,
血清补体C6含量,,,,
血清补体C7含量,,,,
血清补体C8含量,,,,
血清补体C9含量,,,,
血清补体旁路途径活性,,,,
血清补体溶解免疫复合物活性,,,,
血清谷胱甘肽过氧化物酶,,,,
血清谷草转氨酶与血清谷-丙转氨酶比值,,,,
血清超敏促甲状腺激素测定,,,,
血清转铁蛋白,TF,,,
血清载脂蛋白CII测定,,,,
血清载脂蛋白E测定,,,,
血清载脂蛋白测定,,,,
血清过氧化脂质,,,,
血清运铁蛋白,,,,
血清酪氨酸,,,,
血清酸性磷酸酶,,,,
血清酸性磷酸酶同工酶,,,,
血清醛固酮(ALD,,,,
血清醛缩酶,,,,
血清醛缩酶同工酶,,,,
血清金,,,,
血清钙,,,,
血清钴（Co）,,,,
血清铁,SI,,,
血清铁/铜比值,,,,
血清铁饱和度,,,,
血清铅（Pb）,,,,
血清铜,,,,
血清铝,,,,
血清铬（Cr）,,,,
血清铯,,,,
血清锌,,,,
血清镉（Cd）,,,,
血清阳离子测定,,,,
血清阴离子测定,,,,
血清骨钙素,OC,,,
血清鸟嘌呤酶,,,,
血清鸟氨酸氨基甲酰转移酶,,,,
血清黏度,,,,
血管内皮生长因子,,,,
血管内皮生长因子C,,,,
血管内皮生长因子受体2,,,,
血管内皮生长因子受体3,,,,
血管彩超,,,,
血管性假性血友病因子抗原测定,,,,
血管性假血友病因子,,,,
血管性血友病因子抗原（vWF:Ag）,,,,
血管杂音,,,,
血管紧张素Ⅰ,,,,
血管紧张素Ⅱ,,,,
血管紧张素转化酶,,,,
血管紧张素转换酶,ACE,,,
血管视诊,,,,
血管造影,,,,
血管镜,,,,
血红素结合蛋白,,,,
血红蛋白,Hb,,,
血红蛋白含量,Hb,,,
血红蛋白A2,,,,
血红蛋白C晶体包涵体试验,,,,
血红蛋白F包涵体生成试验,,,,
血红蛋白F细胞酸洗脱染色试验,,,,
血红蛋白H包涵体,,,,
血红蛋白变异体,,,,
血红蛋白抗碱试验,,,,
血红蛋白溶解度,,,,
血红蛋白电泳,,,,
血细胞分析仪,,,,
血脂检查,,,,
血锑,,,,
衣原体,,,,
补体,C,,,
补体结合试验,,,,
补吸气量(IRV),,,,
补呼气量,,,,
表皮生长因子受体,EGFR,,,
表试验,,,,
表面活性蛋白B,,,,
裂隙灯,,,,
裸眼检查法,,,,
西尼罗河病毒抗体试验,,,,
西尼罗河病毒核酸试验,,,,
西罗莫司监测,,,,
视力,,,,
视力筛查仪,,,,
视神经孔片,,,,
视神经检查,,,,
视网膜检影法,,,,
视网膜母细胞瘤,,,,
视野检查,,,,
视野计检查,,,,
角膜内皮细胞计数仪,,,,
角膜厚度测量,,,,
角膜反射检查,,,,
角膜地形图检查,,,,
角膜映光法,,,,
角膜显微镜,,,,
角膜染色法,,,,
角膜检查,,,,
角膜照影法,,,,
角膜知觉检查法,,,,
角膜荧光素染色,,,,
解脲脲原体,,,,
触觉,,,,
计算机三维重建技术,,,,
试管凝集试验,,,,
语言检查法,,,,
语调与语态,,,,
语音试验,,,,
语音震颤,,,,
谷丙转氨酶,ALT,,,
谷氨酰胺,,,,
谷氨酸(Glu),,,,
谷氨酸脱氢酶,,,,
谷氨酸脱羧酶自身抗体,GADA,,,
谷胱甘肽-S-转移酶-p,,,,
谷胱甘肽S转移酶,,,,
谷草转氨酶,AST,,,
贝美格诱发试验,,,,
负荷试验脑血流灌注显像,,,,
赖氨酸,,,,
超声内镜检查,,,,
超氧化物岐化酶,,,,
超级影像,,,,
足拍打试验,,,,
足畸形检查,,,,
足轴线偏移,,,,
足长轴与两踝连线的测量,,,,
足－嘴试验,,,,
趾背屈试验,,,,
趾长伸肌肌力试验,,,,
趾长屈肌肌力试验,,,,
跖反射,,,,
跟臀试验,,,,
跟轴线测量,,,,
跟骨叩击试验,,,,
踝关节背伸试验,,,,
踝反射,,,,
踝肱指数,,,,
蹲下试验,,,,
身体器官功能与营养,,,,
身高,,,,
身高测试,,,,
转化生长因子a,,,,
转化生长因子b1,,,,
转头试验,,,,
转录因子E3,,,,
转白试验,,,,
轮替动作,,,,
轮状病毒抗体,,,,
轻瘫试验,,,,
载脂蛋白A I,ApoA I,,,
载脂蛋白AⅠ,,,,
载脂蛋白AⅡ,,,,
载脂蛋白B,,,,
载脂蛋白CⅠ,,,,
载脂蛋白CⅢ,,,,
载脂蛋白E基因分型,ApoE Gene,,,
输卵管亚甲蓝通畅试验,,,,
输卵管通气试验,,,,
输卵管通液检查,,,,
输卵管通畅检查,,,,
输卵管酚磺酞通畅试验,,,,
输卵管镜,,,,
输尿管超声检查,,,,
输尿管镜检查,,,,
输精管造影,,,,
达阿马托征,,,,
过指试验,,,,
过敏试验,sIgE,,,
过氧化酶染色,,,,
运动功能检查,,,,
运动显像,,,,
运动觉,,,,
近红外线乳腺扫描检查,,,,
近视力检查法,,,,
远视力检查法,,,,
连续血浆鱼精蛋白稀释试验,,,,
迟发性皮肤变态反应,,,,
迷走神经检查,,,,
追踪减影透视,,,,
逆行肾盂造影,,,,
选择性心血管造影,,,,
选择性蛋白尿指数,,,,
选择蛋白指数（SPI）,,,,
透光试验,,,,
透明质酸,,,,
透明质酸酶,,,,
通气与血流灌注比值(V/Q),,,,
通气贮量比,,,,
速发型变态反应皮肤测试,,,,
造影检查,,,,
道班征,,,,
遮盖法,,,,
酚妥拉明阻滞试验,,,,
酚红排泄试验,,,,
酪氨酸酶,,,,
酶联合吸附测定,,,,
酸化甘油溶血试验,,,,
酸性磷酸酶染色,,,,
酸溶血试验,,,,
醋酸AS-D茶酚脂酶染色,,,,
醋酸AS-茶酚酯酶染色,,,,
释放抗体试验,,,,
重复呼吸试验,,,,
重振试验,,,,
重金属,HM,,,
金伯克现象,,,,
金属硫蛋白,,,,
金属蛋白酶组织抑制因子1,,,,
金属蛋白酶组织抑制因子2,,,,
针刺试验,,,,
钙激发试验,,,,
钙结合蛋白,,,,
钙网膜蛋白,,,,
钙调理蛋白,,,,
钙调素,,,,
钠,Na,,,
钩端螺旋体乳胶凝集试验,,,,
钩端螺旋体抗体,,,,
钩端螺旋体病凝集溶解试验,,,,
钩端螺旋体补体结合试验,,,,
钩蚴培养法,,,,
钼靶X线检查,,,,
钼靶摄影检查,,,,
钼靶照相,,,,
钾,K,,,
铁染色,,,,
铁蛋白,SF,,,
铅笔滚动试验,,,,
铜蓝蛋白,CP,,,
链激酶-链道酶试验,,,,
链球菌检测,,,,
链霉素皮内试验,,,,
锂,Li,,,
锌原卟啉,,,,
错配修复蛋白2,,,,
错配修复蛋白6,,,,
锡克试验,,,,
镁,Mg,,,
镫骨活动试验,,,,
镰形红细胞,,,,
长碳链脂肪酸,,,,
门冬氨酸氨基转移酶(AST),,,,
闭合容积(CV),,,,
红细胞分布宽度变异系数,CV,,,
闭孔内肌征,,,,
闭孔内肌试验,,,,
闭目直立试验,,,,
闭目行走试验,,,,
闭目难立征,,,,
闭眼单脚站立,,,,
间α胰蛋酶抑制物,,,,
间变性淋巴瘤激酶,,,,
间接抗球蛋白试验,IAT,,,
间接检眼镜检查法,,,,
间接鼻咽镜,,,,
间皮细胞,,,,
阴囊检查,,,,
阴囊超声检查,,,,
阴离子间隙,,,,
阴茎动脉指数,,,,
阴茎夜间勃起试验检查,,,,
阴茎检查,,,,
阴茎海绵体血管活性物质注射,,,,
阴茎海绵体造影,,,,
阴茎血流指数,,,,
阴茎超声检查,,,,
阴道出血量检查,,,,
阴道分泌物清洁度,,,,
阴道分泌物细胞学检查,,,,
阴道前后壁膨出度,,,,
阴道毛滴虫检查,,,,
阴道滴虫检查,trichomonas,,,
阴道瘘膀胱镜检查,,,,
阴道窥器检查,,,,
阴道细胞学检查,,,,
阴道肿块检查,,,,
阴道触诊,,,,
阴道镜检查,,,,
阿利新蓝染色,,,,
阿司匹林耐量试验,,,,
阿米巴原虫抗体,,,,
阿米巴原虫抗原和抗体,,,,
陆温试验,,,,
降钙素,,,,
降钙素原,,,,
随意运动检查,,,,
隐球菌多糖荚膜抗原(LA法),,,,
隐球菌病胶乳凝集试验(LA),,,,
隐球菌病补体结合试验,,,,
雄激素受体,,,,
雄烯二酮,,,,
雅加森试验,,,,
集光检查法,,,,
雌二醇,E2,,,
雌激素,,,,
雌激素受体,,,,
雌激素受体beta,,,,
雌酮,,,,
雌酮(E1),,,,
雾视验光,,,,
震动觉,,,,
霍乱弧菌检测,,,,
霍夫曼征,,,,
青光眼激发试验,,,,
青霉素皮内试验,,,,
静态显像,,,,
静态视野检查,,,,
静态骨显像,,,,
静息显像,,,,
静脉听诊,,,,
静脉尿路造影,,,,
静脉肾盂造影,,,,
静脉胆囊、胆道造影,,,,
静脉胆道造影,,,,
靛胭脂试验,,,,
靛青绿试验,,,,
非接触眼压计,,,,
非梅毒螺旋体抗原血清试验,,,,
面容表情,,,,
面神经检查,,,,
面神经的味觉检查,,,,
面神经的运动检查,,,,
面部色诊,,,,
革兰氏染色,GRAM,,,
靶形红细胞,,,,
鞠躬试验,,,,
韦伯试验,,,,
音叉检查,,,,
颅内压监测,,,,
颅内多普勒血流图(TCD),,,,
颅底片,,,,
颅整体观,,,,
颅脑CT检查,,,,
颅脑MRI检查,,,,
颅脑超声检查,,,,
颅骨透照试验,,,,
颈动脉彩超,,,,
颈动脉搏动检查,,,,
颈椎CT检查,,,,
颈部MRI检查,,,,
颈部活动度检查,,,,
颈静脉压检查,,,,
颈静脉回流试验,,,,
颈静脉检查,,,,
颈项强直,,,,
颌面五官CT检查,,,,
颌面部检查,,,,
颗粒膜蛋白-140,,,,
颞下颌关节检查,,,,
颞下颌关节造影,,,,
颞动脉活检,,,,
风疹病毒抗体,RV;RV Ab,,,
风疹病毒抗体IgG,,,,
食管24hpH监测,,,,
食管压力测定,,,,
食管拉网检查,,,,
食管滴酸试验,,,,
食管造影,,,,
食管钡餐透视,,,,
食道X线钡餐检查,,,,
餐叉畸形,,,,
餐后2小时血葡萄糖（2HPG,,,,
餐后血清锌浓度反应试验(PICR),,,,
饮水试验,,,,
饮水通气法,,,,
馒头餐试验,,,,
马氏杆,,,,
骨三相显象,,,,
骨与关节MRI检查,,,,
骨关节及软组织CT检查,,,,
骨密度测定,,,,
骨形成蛋白4,,,,
骨显像,,,,
骨盆倾斜试验,,,,
骨盆内测量,,,,
骨盆分离试验,,,,
骨盆外测量,,,,
骨盆挤压试验,,,,
骨盆测量,,,,
骨碱性磷酸酶,B-ALP,,,
骨胶素(CY211),,,,
骨骼动诊,,,,
骨骼叩诊,,,,
骨骼听诊,,,,
骨骼肌肌球蛋白,,,,
骨骼视诊,,,,
骨骼触诊,,,,
骨髓/组织细胞抗原,,,,
骨髓其他细胞,,,,
骨髓单核细胞系统,,,,
骨髓增生程度,,,,
骨髓巨核细胞数和分类,,,,
骨髓异常细胞和寄生虫,,,,
骨髓显像,,,,
骨髓有核细胞总数,,,,
骨髓浆细胞系统,,,,
骨髓淋巴细胞系统,,,,
骨髓穿刺和骨髓活检,BMB,,,
骨髓粒细胞与有核红细胞比值（M/E）,,,,
骨髓粒细胞系统,,,,
骨髓红细胞系统,,,,
骨髓细菌培养,,,,
骨髓象分析,,,,
骶髂关节检查法,,,,
髂胫束紧张试验,,,,
髋关节弹响试验,,,,
髋关节超伸试验,,,,
髋外旋外展试验,,,,
髋膝屈曲试验,,,,
髋臼指数,,,,
髓磷脂碱性蛋白,,,,
髓过氧化物酶,,,,
高密度脂蛋白2-胆固醇,,,,
高密度脂蛋白胆固醇测定,HDL-C,,,
高密脂蛋白3-胆固醇,,,,
高峰胃酸分泌量,,,,
高敏C反应蛋白,hs CRP,,,
高铁血红蛋白还原试验,,,,
鲁塞尔征,,,,
鳞状上皮细胞癌抗原,,,,
鸭步检测,,,,
鹅脱氧胆酸,,,,
麝香草酚浊度试验,,,,
麦克马瑞试验,,,,
麦卡兹尼试验,,,,
麦考酚酸监测,MPA,,,
麻疹病毒抗体,,,,
麻风病的皮内试验,,,,
麻风病的间接荧光抗体吸收试验（FLA-ABS试验）,,,,
黄体生成素,LH,,,
黑加征,,,,
黑曼征,,,,
黑色素瘤,,,,
黑色素瘤抗原,,,,
鼓膜,,,,
鼠双微体基因2,,,,
鼠红细胞花环形成试验,,,,
鼻中隔,,,,
鼻前庭,,,,
鼻咽部MRI检查,,,,
鼻嗅觉功能检查,,,,
鼻泪管内镜,,,,
鼻甲和鼻道,,,,
鼻疽菌素皮内试验,,,,
鼻窦检查,,,,
鼻粘膜及鼻腔分泌物,,,,
鼻胆管引流(ENBD),,,,
鼻腔内镜检查,,,,
鼻腔检查,,,,
鼻部功能检查,,,,
鼻部放射线检查,,,,
鼻部检查,,,,
